id|kabupaten|provinsi|prov|pop|npop|positif|positif_sembuh|positif_md|pdp_md|odp_md|md|odp|pdp|pr_positif|pr_positif_sembuh|pr_positif_md|pr_pdp_md|pr_md|positif_rs|pdp_proses|pr_npop|p_sembuh|p_md|rs|p_rs|tgl|crawled_at
3578|KOTA SURABAYA|JAWA TIMUR|Jatim|2904754.0|8005|7431|3974|665|534.0|40.0|1239|4768|6083|255.82|136.81|22.89|18.38|42.65|2792|2128.0|275.58|49.64|15.48|2792|34.88|2020-07-16 18:12:00.000000|2020-07-17 13:36:51.546273
7371|KOTA MAKASSAR|SULAWESI SELATAN|Sulsel|1545376.0|4105|3922|1458|138|183.0|0.0|321|2500|1364|253.79|94.35|8.93|11.84|20.77|2326|0.0|265.63|35.52|7.82|2326|56.66|2020-07-17 12:53:00.000000|2020-07-17 13:36:51.546273
3374|KOTA SEMARANG|JAWA TENGAH|Jateng|1842787.0|2893|2855|1701|292|38.0|0.0|330|4693|2103|154.93|92.31|15.85|2.06|17.91|862|0.0|156.99|58.8|11.41|862|29.8|2020-07-17 12:47:00.000000|2020-07-17 13:36:51.546273
3515|SIDOARJO|JAWA TIMUR|Jatim|2282214.0|2643|2565|939|150|74.0|4.0|228|1592|989|112.39|41.14|6.57|3.24|9.99|1476|695.0|115.81|35.53|8.63|1476|55.85|2020-07-16 16:50:00.000000|2020-07-17 13:36:51.546273
3173|KOTA JAKARTA PUSAT|DKI JAKARTA|DKI|931366.0|2401|2313|1558|133|57.0|31.0|221|14766|1686|248.34|167.28|14.28|6.12|23.73|622|99.0|257.79|64.89|9.2|622|25.91|2020-07-16 09:00:00.000000|2020-07-17 13:36:51.546273
3172|KOTA JAKARTA TIMUR|DKI JAKARTA|DKI|2959112.0|2368|2249|1554|124|90.0|29.0|243|17545|2190|76.0|52.52|4.19|3.04|8.21|571|132.0|80.02|65.62|10.26|571|24.11|2020-07-16 09:00:00.000000|2020-07-17 13:36:51.546273
3174|KOTA JAKARTA BARAT|DKI JAKARTA|DKI|2619785.0|2337|2171|1508|115|128.0|38.0|281|18276|2043|82.87|57.56|4.39|4.89|10.73|548|112.0|89.21|64.53|12.02|548|23.45|2020-07-16 09:00:00.000000|2020-07-17 13:36:51.546273
3175|KOTA JAKARTA UTARA|DKI JAKARTA|DKI|1827730.0|2043|1978|1345|110|49.0|16.0|175|15164|2154|108.22|73.59|6.02|2.68|9.57|523|130.0|111.78|65.83|8.57|523|25.6|2020-07-16 09:00:00.000000|2020-07-17 13:36:51.546273
1671|KOTA PALEMBANG|SUMATERA SELATAN|Sumsel|1681373.0|1965|1888|784|87|77.0|0.0|164|6390|877|112.29|46.63|5.17|4.58|9.75|1017|390.0|116.87|39.9|8.35|1017|51.76|2020-07-16 21:00:00.000000|2020-07-17 13:36:51.546273
6371|KOTA BANJARMASIN|KALIMANTAN SELATAN|Kalsel|715704.0|1845|1845|430|136|0.0|0.0|136|266|195|257.79|60.08|19.0|0.0|19.0|1279|0.0|257.79|23.31|7.37|1279|69.32|2020-07-16 16:30:00.000000|2020-07-17 13:36:51.546273
3171|KOTA JAKARTA SELATAN|DKI JAKARTA|DKI|2282521.0|1877|1766|1153|122|78.0|33.0|233|17884|2506|77.37|50.51|5.34|3.42|10.21|491|132.0|82.23|61.43|12.41|491|26.16|2020-07-16 09:00:00.000000|2020-07-17 13:36:51.546273
1275|KOTA MEDAN|SUMATERA UTARA|Sumut|2295003.0|1782|1690|497|85|92.0|0.0|177|1279|2447|73.64|21.66|3.7|4.01|7.71|1108|205.0|77.65|27.89|9.93|1108|62.18|2020-07-16 00:00:00.000000|2020-07-17 13:36:51.546273
9471|KOTA JAYAPURA|PAPUA|Papua|303760.0|1462|1462|467|19|0.0|0.0|19|909|164|481.3|153.74|6.25|0.0|6.25|976|0.0|481.3|31.94|1.3|976|66.76|2020-07-16 00:00:00.000000|2020-07-17 13:36:51.546273
3525|GRESIK|JAWA TIMUR|Jatim|1326419.0|1389|1322|341|113|67.0|0.0|180|1532|783|99.67|25.71|8.52|5.05|13.57|868|539.0|104.72|24.55|12.96|868|62.49|2020-07-16 17:25:00.000000|2020-07-17 13:36:51.546273
7171|KOTA MANADO|SULAWESI UTARA|Sulut|435334.0|1082|1082|256|65|0.0|0.0|65|44|128|248.54|58.81|14.93|0.0|14.93|761|0.0|248.54|23.66|6.01|761|70.33|2020-07-16 21:12:00.000000|2020-07-17 13:36:51.546273
5171|KOTA DENPASAR|BALI|Bali|962879.0|1001|1001|659|12|0.0|0.0|12|541|443|103.96|68.44|1.25|0.0|1.25|330|0.0|103.96|65.83|1.2|330|32.97|2020-07-17 00:00:00.000000|2020-07-17 13:36:51.546273
3276|KOTA DEPOK|JAWA BARAT|Jabar|2484185.0|924|924|728|36|0.0|0.0|36|4245|1615|37.2|29.31|1.45|0.0|1.45|160|189.0|37.2|78.79|3.9|160|17.32|2020-07-17 12:48:00.000000|2020-07-17 13:36:51.546273
5271|KOTA MATARAM|NUSA TENGGARA BARAT|NTB|495682.0|752|752|426|50|0.0|0.0|50|1030|720|151.71|85.94|10.09|0.0|10.09|276|200.0|151.71|56.65|6.65|276|36.7|2020-07-16 22:50:00.000000|2020-07-17 13:36:51.546273
3321|DEMAK|JAWA TENGAH|Jateng|1173620.0|704|704|223|118|0.0|0.0|118|689|395|59.99|19.0|10.05|0.0|10.05|363|66.0|59.99|31.68|16.76|363|51.56|2020-07-16 18:30:00.000000|2020-07-17 13:36:51.546273
7325|LUWU TIMUR|SULAWESI SELATAN|Sulsel|305407.0|648|647|393|6|1.0|0.0|7|438|86|211.85|128.68|1.96|0.33|2.29|248|0.0|212.18|60.65|1.08|248|38.27|2020-07-17 12:53:00.000000|2020-07-17 13:36:51.546273
8171|KOTA AMBON|MALUKU|Maluku|495473.0|639|639|0|13|0.0|0.0|13|0|0|128.97|0.0|2.62|0.0|2.62|626|0.0|128.97|0.0|2.03|626|97.97|2020-07-16 21:24:00.000000|2020-07-17 13:36:51.546273
7306|GOWA|SULAWESI SELATAN|Sulsel|784510.0|648|632|199|19|16.0|0.0|35|541|302|80.56|25.37|2.42|2.04|4.46|414|0.0|82.6|30.71|5.4|414|63.89|2020-07-17 12:53:00.000000|2020-07-17 13:36:51.546273
1371|KOTA PADANG|SUMATERA BARAT|Sumbar|962196.0|567|567|477|25|0.0|0.0|25|5377|562|58.93|49.57|2.6|0.0|2.6|65|10.0|58.93|84.13|4.41|65|11.46|2020-07-16 15:48:00.000000|2020-07-17 13:36:51.546273
3671|KOTA TANGERANG|BANTEN|Banten|2273694.0|540|540|435|35|0.0|0.0|35|0|0|23.75|19.13|1.54|0.0|1.54|70|0.0|23.75|80.56|6.48|70|12.96|2020-07-16 23:50:00.000000|2020-07-17 13:36:51.546273
8271|KOTA TERNATE|MALUKU UTARA|MalukuUtara|238204.0|494|494|0|0|0.0|0.0|0|21|21|207.39|0.0|0.0|0.0|0.0|494|0.0|207.39|0.0|0.0|494|100.0|2020-07-13 19:45:00.000000|2020-07-17 13:36:51.546273
3275|KOTA BEKASI|JAWA BARAT|Jabar|3075690.0|667|474|438|36|193.0|0.0|229|0|0|15.41|14.24|1.17|6.28|7.45|0|1.0|21.69|65.67|34.33|0|0.0|2020-07-16 00:00:00.000000|2020-07-17 13:36:51.546273
6271|KOTA PALANGKA RAYA|KALIMANTAN TENGAH|Kalteng|299691.0|461|461|306|37|0.0|0.0|37|0|0|153.83|102.11|12.35|0.0|12.35|118|0.0|153.83|66.38|8.03|118|25.6|2020-07-16 09:41:00.000000|2020-07-17 13:36:51.546273
3514|PASURUAN|JAWA TIMUR|Jatim|1637681.0|539|459|215|46|80.0|0.0|126|1370|364|28.03|13.13|2.81|4.88|7.69|198|204.0|32.91|39.89|23.38|198|36.73|2020-07-16 18:13:00.000000|2020-07-17 13:36:51.546273
6303|BANJAR|KALIMANTAN SELATAN|Kalsel|596000.0|455|455|174|22|0.0|0.0|22|70|54|76.34|29.19|3.69|0.0|3.69|259|0.0|76.34|38.24|4.84|259|56.92|2020-07-16 16:30:00.000000|2020-07-17 13:36:51.546273
9412|MIMIKA|PAPUA|Papua|223604.0|452|452|386|6|0.0|0.0|6|1157|10|202.14|172.63|2.68|0.0|2.68|60|0.0|202.14|85.4|1.33|60|13.27|2020-07-16 00:00:00.000000|2020-07-17 13:36:51.546273
3674|KOTA TANGERANG SELATAN|BANTEN|Banten|1799605.0|548|451|331|34|97.0|0.0|131|2287|808|25.06|18.39|1.89|5.39|7.28|86|21.0|30.45|60.4|23.91|86|15.69|2020-07-16 00:00:00.000000|2020-07-17 13:36:51.546273
3319|KUDUS|JAWA TENGAH|Jateng|881128.0|501|443|189|47|58.0|0.0|105|1371|830|50.28|21.45|5.33|6.58|11.92|207|179.0|56.86|37.72|20.96|207|41.32|2020-07-16 20:30:00.000000|2020-07-17 13:36:51.546273
6301|TANAH LAUT|KALIMANTAN SELATAN|Kalsel|348623.0|412|412|125|14|0.0|0.0|14|67|57|118.18|35.86|4.02|0.0|4.02|273|0.0|118.18|30.34|3.4|273|66.26|2020-07-16 16:30:00.000000|2020-07-17 13:36:51.546273
3517|JOMBANG|JAWA TIMUR|Jatim|1268503.0|438|406|122|30|29.0|3.0|62|725|98|32.01|9.62|2.36|2.29|4.89|254|42.0|34.53|27.85|14.16|254|57.99|2020-07-16 18:59:00.000000|2020-07-17 13:36:51.546273
3273|KOTA BANDUNG|JAWA BARAT|Jabar|2510104.0|396|396|264|43|0.0|0.0|43|0|0|15.78|10.52|1.71|0.0|1.71|89|907.0|15.78|66.67|10.86|89|22.47|2020-07-17 08:34:00.000000|2020-07-17 13:36:51.546273
5201|LOMBOK BARAT|NUSA TENGGARA BARAT|NTB|703769.0|384|384|227|23|0.0|0.0|23|1401|353|54.56|32.25|3.27|0.0|3.27|134|21.0|54.56|59.11|5.99|134|34.9|2020-07-16 22:50:00.000000|2020-07-17 13:36:51.546273
3573|KOTA MALANG|JAWA TIMUR|Jatim|874890.0|426|379|101|29|45.0|2.0|76|1048|505|43.32|11.54|3.31|5.14|8.69|249|252.0|48.69|23.71|17.84|249|58.45|2020-07-16 19:03:00.000000|2020-07-17 13:36:51.546273
1212|DELI SERDANG|SUMATERA UTARA|Sumut|2234320.0|365|365|101|28|0.0|0.0|28|2|42|16.34|4.52|1.25|0.0|1.25|236|0.0|16.34|27.67|7.67|236|64.66|2020-07-16 00:00:00.000000|2020-07-17 13:36:51.546273
3507|MALANG|JAWA TIMUR|Jatim|2619978.0|424|362|121|29|57.0|5.0|91|557|591|13.82|4.62|1.11|2.18|3.47|212|156.0|16.18|28.54|21.46|212|50.0|2020-07-16 19:03:00.000000|2020-07-17 13:36:51.546273
5103|BADUNG|BALI|Bali|683202.0|361|361|236|10|0.0|0.0|10|407|200|52.84|34.54|1.46|0.0|1.46|115|0.0|52.84|65.37|2.77|115|31.86|2020-07-17 00:00:00.000000|2020-07-17 13:36:51.546273
6372|KOTA BANJAR BARU|KALIMANTAN SELATAN|Kalsel|270019.0|349|349|131|22|0.0|0.0|22|36|15|129.25|48.52|8.15|0.0|8.15|196|0.0|129.25|37.54|6.3|196|56.16|2020-07-16 16:30:00.000000|2020-07-17 13:36:51.546273
3516|MOJOKERTO|JAWA TIMUR|Jatim|1126392.0|364|348|161|18|16.0|0.0|34|587|117|30.9|14.29|1.6|1.42|3.02|169|78.0|32.32|44.23|9.34|169|46.43|2020-07-16 19:00:00.000000|2020-07-17 13:36:51.546273
6304|BARITO KUALA|KALIMANTAN SELATAN|Kalsel|317183.0|321|321|153|6|0.0|0.0|6|77|3|101.2|48.24|1.89|0.0|1.89|162|0.0|101.2|47.66|1.87|162|50.47|2020-07-16 16:30:00.000000|2020-07-17 13:36:51.546273
3506|KEDIRI|JAWA TIMUR|Jatim|1580093.0|382|306|98|17|71.0|5.0|93|1494|306|19.37|6.2|1.08|4.49|5.89|191|77.0|24.18|25.65|24.35|191|50.0|2020-07-16 19:17:00.000000|2020-07-17 13:36:51.546273
3526|BANGKALAN|JAWA TIMUR|Jatim|994213.0|347|305|110|41|42.0|0.0|83|1102|97|30.68|11.06|4.12|4.22|8.35|154|17.0|34.9|31.7|23.92|154|44.38|2020-07-16 14:46:00.000000|2020-07-17 13:36:51.546273
3216|BEKASI|JAWA BARAT|Jabar|3899016.0|347|299|200|21|48.0|0.0|69|0|0|7.67|5.13|0.54|1.23|1.77|78|225.0|8.9|57.64|19.88|78|22.48|2020-07-17 08:34:00.000000|2020-07-17 13:36:51.546273
3603|TANGERANG|BANTEN|Banten|3908879.0|344|298|258|15|46.0|0.0|61|1117|739|7.62|6.6|0.38|1.18|1.56|25|40.0|8.8|75.0|17.73|25|7.27|2020-07-17 12:48:00.000000|2020-07-17 13:36:51.546273
6471|KOTA BALIKPAPAN|KALIMANTAN TIMUR|Kaltim|664199.0|288|288|224|7|0.0|0.0|7|8089|419|43.36|33.72|1.05|0.0|1.05|57|110.0|43.36|77.78|2.43|57|19.79|2020-07-16 19:00:00.000000|2020-07-17 13:36:51.546273
5106|BANGLI|BALI|Bali|228425.0|277|277|196|1|0.0|0.0|1|573|131|121.27|85.8|0.44|0.0|0.44|80|0.0|121.27|70.76|0.36|80|28.88|2020-07-17 00:00:00.000000|2020-07-17 13:36:51.546273
3524|LAMONGAN|JAWA TIMUR|Jatim|1189378.0|331|277|169|42|51.0|3.0|96|642|344|23.29|14.21|3.53|4.29|8.07|66|124.0|27.83|51.06|29.0|66|19.94|2020-07-16 17:56:00.000000|2020-07-17 13:36:51.546273
2171|KOTA BATAM|KEPULAUAN RIAU|Kepri|1421962.0|338|265|230|11|73.0|0.0|84|7623|816|18.64|16.17|0.77|5.13|5.91|24|91.0|23.77|68.05|24.85|24|7.1|2020-07-16 15:34:00.000000|2020-07-17 13:36:51.546273
5105|KLUNGKUNG|BALI|Bali|179896.0|247|247|178|1|0.0|0.0|1|53|71|137.3|98.95|0.56|0.0|0.56|68|0.0|137.3|72.06|0.4|68|27.53|2020-07-17 00:00:00.000000|2020-07-17 13:36:51.546273
3504|TULUNGAGUNG|JAWA TIMUR|Jatim|1043183.0|436|240|235|3|190.0|6.0|199|1655|735|23.01|22.53|0.29|18.21|19.08|2|5.0|41.8|53.9|45.64|2|0.46|2020-07-16 13:40:00.000000|2020-07-17 13:36:51.546273
9403|JAYAPURA|PAPUA|Papua|134181.0|228|228|132|1|0.0|0.0|1|25|41|169.92|98.37|0.75|0.0|0.75|95|0.0|169.92|57.89|0.44|95|41.67|2020-07-16 00:00:00.000000|2020-07-17 13:36:51.546273
8205|HALMAHERA UTARA|MALUKU UTARA|MalukuUtara|197404.0|226|226|0|0|0.0|0.0|0|12|5|114.49|0.0|0.0|0.0|0.0|226|0.0|114.49|0.0|0.0|226|100.0|2020-07-13 19:45:00.000000|2020-07-17 13:36:51.546273
6311|BALANGAN|KALIMANTAN SELATAN|Kalsel|133274.0|225|225|80|3|0.0|0.0|3|5|6|168.83|60.03|2.25|0.0|2.25|142|0.0|168.83|35.56|1.33|142|63.11|2020-07-16 16:30:00.000000|2020-07-17 13:36:51.546273
6203|KAPUAS|KALIMANTAN TENGAH|Kalteng|361083.0|218|218|125|19|0.0|0.0|19|0|0|60.37|34.62|5.26|0.0|5.26|74|0.0|60.37|57.34|8.72|74|33.94|2020-07-16 09:41:00.000000|2020-07-17 13:36:51.546273
7571|KOTA GORONTALO|GORONTALO|Gorontalo|223704.0|223|217|131|12|6.0|0.0|18|1919|149|97.0|58.56|5.36|2.68|8.05|74|13.0|99.69|58.74|8.07|74|33.18|2020-07-16 19:00:00.000000|2020-07-17 13:36:51.546273
3522|BOJONEGORO|JAWA TIMUR|Jatim|1252020.0|233|217|80|20|12.0|4.0|36|294|37|17.33|6.39|1.6|0.96|2.88|117|1.0|18.61|34.33|15.45|117|50.21|2020-07-16 19:01:00.000000|2020-07-17 13:36:51.546273
1607|BANYUASIN|SUMATERA SELATAN|Sumsel|864508.0|227|216|109|19|11.0|0.0|30|121|47|24.99|12.61|2.2|1.27|3.47|88|17.0|26.26|48.02|13.22|88|38.77|2020-07-16 21:00:00.000000|2020-07-17 13:36:51.546273
3323|TEMANGGUNG|JAWA TENGAH|Jateng|778187.0|215|215|211|3|0.0|0.0|3|15|4|27.63|27.11|0.39|0.0|0.39|1|0.0|27.63|98.14|1.4|1|0.47|2020-07-16 00:00:00.000000|2020-07-17 13:36:51.546273
3271|KOTA BOGOR|JAWA BARAT|Jabar|1126929.0|287|213|154|18|74.0|0.0|92|1727|523|18.9|13.67|1.6|6.57|8.16|41|49.0|25.47|53.66|32.06|41|14.29|2020-07-16 13:00:00.000000|2020-07-17 13:36:51.546273
5104|GIANYAR|BALI|Bali|516344.0|204|204|128|4|0.0|0.0|4|536|121|39.51|24.79|0.77|0.0|0.77|72|0.0|39.51|62.75|1.96|72|35.29|2020-07-17 00:00:00.000000|2020-07-17 13:36:51.546273
6310|TANAH BUMBU|KALIMANTAN SELATAN|Kalsel|368363.0|197|197|145|3|0.0|0.0|3|38|7|53.48|39.36|0.81|0.0|0.81|49|0.0|53.48|73.6|1.52|49|24.87|2020-07-16 16:30:00.000000|2020-07-17 13:36:51.546273
7308|MAROS|SULAWESI SELATAN|Sulsel|356193.0|197|194|96|7|3.0|0.0|10|261|78|54.46|26.95|1.97|0.84|2.81|91|0.0|55.31|48.73|5.08|91|46.19|2020-07-17 12:53:00.000000|2020-07-17 13:36:51.546273
6309|TABALONG|KALIMANTAN SELATAN|Kalsel|257796.0|188|188|68|6|0.0|0.0|6|47|7|72.93|26.38|2.33|0.0|2.33|114|0.0|72.93|36.17|3.19|114|60.64|2020-07-16 16:30:00.000000|2020-07-17 13:36:51.546273
3509|JEMBER|JAWA TIMUR|Jatim|2459892.0|253|187|71|7|45.0|21.0|73|1336|228|7.6|2.89|0.28|1.83|2.97|109|12.0|10.29|28.06|28.85|109|43.08|2020-07-16 17:49:00.000000|2020-07-17 13:36:51.546273
3528|PAMEKASAN|JAWA TIMUR|Jatim|888213.0|214|179|70|25|35.0|0.0|60|617|126|20.15|7.88|2.81|3.94|6.76|84|50.0|24.09|32.71|28.04|84|39.25|2020-07-16 17:50:00.000000|2020-07-17 13:36:51.546273
6201|KOTAWARINGIN BARAT|KALIMANTAN TENGAH|Kalteng|321750.0|178|178|106|2|0.0|0.0|2|0|0|55.32|32.94|0.62|0.0|0.62|70|0.0|55.32|59.55|1.12|70|39.33|2020-07-16 09:41:00.000000|2020-07-17 13:36:51.546273
8272|KOTA TIDORE KEPULAUAN|MALUKU UTARA|MalukuUtara|102383.0|174|174|0|0|0.0|0.0|0|5|10|169.95|0.0|0.0|0.0|0.0|174|0.0|169.95|0.0|0.0|174|100.0|2020-07-13 19:45:00.000000|2020-07-17 13:36:51.546273
7102|MINAHASA|SULAWESI UTARA|Sulut|343966.0|173|173|103|13|0.0|0.0|13|49|17|50.3|29.94|3.78|0.0|3.78|57|0.0|50.3|59.54|7.51|57|32.95|2020-07-16 21:12:00.000000|2020-07-17 13:36:51.546273
3513|PROBOLINGGO|JAWA TIMUR|Jatim|1174893.0|204|172|127|6|24.0|8.0|38|536|84|14.64|10.81|0.51|2.04|3.23|39|4.0|17.36|62.25|18.63|39|19.12|2020-07-16 14:41:00.000000|2020-07-17 13:36:51.546273
3527|SAMPANG|JAWA TIMUR|Jatim|989002.0|172|169|136|12|3.0|0.0|15|549|30|17.09|13.75|1.21|0.3|1.52|21|3.0|17.39|79.07|8.72|21|12.21|2020-07-16 17:51:00.000000|2020-07-17 13:36:51.546273
7302|BULUKUMBA|SULAWESI SELATAN|Sulsel|423011.0|170|166|80|5|4.0|0.0|9|336|51|39.24|18.91|1.18|0.95|2.13|81|0.0|40.19|47.06|5.29|81|47.65|2020-07-17 12:53:00.000000|2020-07-17 13:36:51.546273
5107|KARANG ASEM|BALI|Bali|418490.0|165|165|106|4|0.0|0.0|4|134|111|39.43|25.33|0.96|0.0|0.96|55|0.0|39.43|64.24|2.42|55|33.33|2020-07-17 00:00:00.000000|2020-07-17 13:36:51.546273
3201|BOGOR|JAWA BARAT|Jabar|6088235.0|229|165|23|11|64.0|0.0|75|1399|1120|2.71|0.38|0.18|1.05|1.23|131|442.0|3.76|10.04|32.75|131|57.21|2020-07-17 12:49:00.000000|2020-07-17 13:36:51.546273
3311|SUKOHARJO|JAWA TENGAH|Jateng|898375.0|172|162|80|10|5.0|5.0|20|749|24|18.03|8.9|1.11|0.56|2.23|72|19.0|19.15|46.51|11.63|72|41.86|2020-07-16 00:00:00.000000|2020-07-17 13:36:51.546273
6305|TAPIN|KALIMANTAN SELATAN|Kalsel|193636.0|161|161|86|3|0.0|0.0|3|35|5|83.15|44.41|1.55|0.0|1.55|72|0.0|83.15|53.42|1.86|72|44.72|2020-07-16 16:30:00.000000|2020-07-17 13:36:51.546273
3512|SITUBONDO|JAWA TIMUR|Jatim|685774.0|173|160|80|11|11.0|2.0|24|518|72|23.33|11.67|1.6|1.6|3.5|69|9.0|25.23|46.24|13.87|69|39.88|2020-07-16 16:59:00.000000|2020-07-17 13:36:51.546273
3576|KOTA MOJOKERTO|JAWA TIMUR|Jatim|129891.0|169|160|74|6|9.0|0.0|15|802|19|123.18|56.97|4.62|6.93|11.55|80|4.0|130.11|43.79|8.88|80|47.34|2020-07-16 18:41:00.000000|2020-07-17 13:36:51.546273
3523|TUBAN|JAWA TIMUR|Jatim|1177018.0|190|157|61|12|33.0|0.0|45|666|127|13.34|5.18|1.02|2.8|3.82|84|23.0|16.14|32.11|23.68|84|44.21|2020-07-16 15:08:00.000000|2020-07-17 13:36:51.546273
3529|SUMENEP|JAWA TIMUR|Jatim|1092386.0|169|157|53|4|9.0|3.0|16|368|24|14.37|4.85|0.37|0.82|1.46|100|10.0|15.47|31.36|9.47|100|59.17|2020-07-16 19:02:00.000000|2020-07-17 13:36:51.546273
5108|BULELENG|BALI|Bali|663997.0|154|154|140|0|0.0|0.0|0|121|119|23.19|21.08|0.0|0.0|0.0|14|0.0|23.19|90.91|0.0|14|9.09|2020-07-17 00:00:00.000000|2020-07-17 13:36:51.546273
6306|HULU SUNGAI SELATAN|KALIMANTAN SELATAN|Kalsel|240278.0|153|153|33|9|0.0|0.0|9|31|24|63.68|13.73|3.75|0.0|3.75|111|0.0|63.68|21.57|5.88|111|72.55|2020-07-16 16:30:00.000000|2020-07-17 13:36:51.546273
5203|LOMBOK TIMUR|NUSA TENGGARA BARAT|NTB|1208592.0|152|152|108|2|0.0|0.0|2|1867|737|12.58|8.94|0.17|0.0|0.17|42|186.0|12.58|71.05|1.32|42|27.63|2020-07-16 22:50:00.000000|2020-07-17 13:36:51.546273
3574|KOTA PROBOLINGGO|JAWA TIMUR|Jatim|239023.0|159|151|65|5|8.0|0.0|13|402|61|63.17|27.19|2.09|3.35|5.44|81|4.0|66.52|40.88|8.18|81|50.94|2020-07-16 18:26:00.000000|2020-07-17 13:36:51.546273
3308|MAGELANG|JAWA TENGAH|Jateng|1301274.0|184|147|140|4|37.0|0.0|41|29|312|11.3|10.76|0.31|2.84|3.15|3|9.0|14.14|76.09|22.28|3|1.63|2020-07-16 14:00:00.000000|2020-07-17 13:36:51.546273
6308|HULU SUNGAI UTARA|KALIMANTAN SELATAN|Kalsel|240493.0|146|146|79|7|0.0|0.0|7|81|6|60.71|32.85|2.91|0.0|2.91|60|0.0|60.71|54.11|4.79|60|41.1|2020-07-16 16:30:00.000000|2020-07-17 13:36:51.546273
7173|KOTA TOMOHON|SULAWESI UTARA|Sulut|108488.0|144|144|36|8|0.0|0.0|8|27|12|132.73|33.18|7.37|0.0|7.37|100|0.0|132.73|25.0|5.56|100|69.44|2020-07-16 21:12:00.000000|2020-07-17 13:36:51.546273
3404|SLEMAN|DAERAH ISTIMEWA YOGYAKARTA|DIY|1232596.0|154|140|121|5|14.0|0.0|19|2722|697|11.36|9.82|0.41|1.14|1.54|14|51.0|12.49|78.57|12.34|14|9.09|2020-07-16 17:00:00.000000|2020-07-17 13:36:51.546273
3322|SEMARANG|JAWA TENGAH|Jateng|1066796.0|174|140|48|81|34.0|0.0|115|873|139|13.12|4.5|7.59|3.19|10.78|11|4.0|16.31|27.59|66.09|11|6.32|2020-07-17 07:00:00.000000|2020-07-17 13:36:51.546273
3518|NGANJUK|JAWA TIMUR|Jatim|1057010.0|190|139|47|16|50.0|1.0|67|114|202|13.15|4.45|1.51|4.73|6.34|76|32.0|17.98|24.74|35.26|76|40.0|2020-07-16 19:00:00.000000|2020-07-17 13:36:51.546273
3579|KOTA BATU|JAWA TIMUR|Jatim|209126.0|151|139|35|7|12.0|0.0|19|396|142|66.47|16.74|3.35|5.74|9.09|97|48.0|72.21|23.18|12.58|97|64.24|2020-07-16 12:33:00.000000|2020-07-17 13:36:51.546273
3204|BANDUNG|JAWA BARAT|Jabar|3831500.0|137|137|106|5|0.0|0.0|5|1771|550|3.58|2.77|0.13|0.0|0.13|26|163.0|3.58|77.37|3.65|26|18.98|2020-07-16 04:44:00.000000|2020-07-17 13:36:51.546273
6472|KOTA SAMARINDA|KALIMANTAN TIMUR|Kaltim|985571.0|133|133|63|5|0.0|0.0|5|2567|124|13.49|6.39|0.51|0.0|0.51|65|546.0|13.49|47.37|3.76|65|48.87|2020-07-16 19:00:00.000000|2020-07-17 13:36:51.546273
3324|KENDAL|JAWA TENGAH|Jateng|977915.0|133|131|44|0|2.0|0.0|2|1|23|13.4|4.5|0.0|0.2|0.2|87|261.0|13.6|33.08|1.5|87|65.41|2020-07-17 11:52:00.000000|2020-07-17 13:36:51.546273
3520|MAGETAN|JAWA TIMUR|Jatim|629020.0|168|129|85|4|25.0|14.0|43|420|120|20.51|13.51|0.64|3.97|6.84|40|25.0|26.71|50.6|25.6|40|23.81|2020-07-16 19:02:00.000000|2020-07-17 13:36:51.546273
6171|KOTA PONTIANAK|KALIMANTAN BARAT|Kalbar|655865.0|129|129|0|0|0.0|0.0|0|0|171|19.67|0.0|0.0|0.0|0.0|129|0.0|19.67|0.0|0.0|129|100.0|2020-07-17 23:59:00.000000|2020-07-17 13:36:51.546273
1771|KOTA BENGKULU|BENGKULU|Bengkulu|393648.0|167|127|72|14|38.0|2.0|54|0|0|32.26|18.29|3.56|9.65|13.72|41|30.0|42.42|43.11|32.34|41|24.55|2020-07-16 17:00:00.000000|2020-07-17 13:36:51.546273
5202|LOMBOK TENGAH|NUSA TENGGARA BARAT|NTB|955413.0|126|126|106|5|0.0|0.0|5|607|77|13.19|11.09|0.52|0.0|0.52|15|27.0|13.19|84.13|3.97|15|11.9|2020-07-16 22:50:00.000000|2020-07-17 13:36:51.546273
9171|KOTA SORONG|PAPUA BARAT|PapuaBarat|261426.0|129|121|63|4|8.0|0.0|12|303|60|46.28|24.1|1.53|3.06|4.59|54|7.0|49.34|48.84|9.3|54|41.86|2020-07-12 21:00:00.000000|2020-07-17 13:36:51.546273
3309|BOYOLALI|JAWA TENGAH|Jateng|989618.0|119|119|58|3|0.0|0.0|3|67|332|12.02|5.86|0.3|0.0|0.3|58|46.0|12.02|48.74|2.52|58|48.74|2020-07-16 16:52:00.000000|2020-07-17 13:36:51.546273
3402|BANTUL|DAERAH ISTIMEWA YOGYAKARTA|DIY|1029995.0|117|114|81|3|3.0|0.0|6|1119|413|11.07|7.86|0.29|0.29|0.58|30|31.0|11.36|69.23|5.13|30|25.64|2020-07-16 17:00:00.000000|2020-07-17 13:36:51.546273
3502|PONOROGO|JAWA TIMUR|Jatim|871826.0|127|114|51|4|13.0|0.0|17|474|70|13.08|5.85|0.46|1.49|1.95|59|12.0|14.57|40.16|13.39|59|46.46|2020-07-16 19:02:00.000000|2020-07-17 13:36:51.546273
7172|KOTA BITUNG|SULAWESI UTARA|Sulut|222221.0|114|114|12|6|0.0|0.0|6|195|27|51.3|5.4|2.7|0.0|2.7|96|0.0|51.3|10.53|5.26|96|84.21|2020-07-16 21:12:00.000000|2020-07-17 13:36:51.546273
1273|KOTA PEMATANG SIANTAR|SUMATERA UTARA|Sumut|257111.0|112|112|35|4|0.0|0.0|4|0|29|43.56|13.61|1.56|0.0|1.56|73|0.0|43.56|31.25|3.57|73|65.18|2020-07-16 00:00:00.000000|2020-07-17 13:36:51.546273
1871|KOTA BANDAR LAMPUNG|LAMPUNG|Lampung|1068981.0|121|111|82|7|10.0|0.0|17|1009|0|10.38|7.67|0.65|0.94|1.59|22|1.0|11.32|67.77|14.05|22|18.18|2020-07-17 12:47:00.000000|2020-07-17 13:36:51.546273
3277|KOTA CIMAHI|JAWA BARAT|Jabar|620393.0|110|110|91|4|0.0|0.0|4|695|121|17.73|14.67|0.64|0.0|0.64|15|7.0|17.73|82.73|3.64|15|13.64|2020-07-16 21:27:00.000000|2020-07-17 13:36:51.546273
3302|BANYUMAS|JAWA TENGAH|Jateng|1706624.0|129|109|73|4|20.0|0.0|24|2358|379|6.39|4.28|0.23|1.17|1.41|32|4.0|7.56|56.59|18.6|32|24.81|2020-07-17 10:14:00.000000|2020-07-17 13:36:51.546273
7305|TAKALAR|SULAWESI SELATAN|Sulsel|301427.0|109|109|27|1|0.0|0.0|1|75|32|36.16|8.96|0.33|0.0|0.33|81|0.0|36.16|24.77|0.92|81|74.31|2020-07-17 12:53:00.000000|2020-07-17 13:36:51.546273
5102|TABANAN|BALI|Bali|447994.0|107|107|85|1|0.0|0.0|1|54|164|23.88|18.97|0.22|0.0|0.22|21|0.0|23.88|79.44|0.93|21|19.63|2020-07-17 00:00:00.000000|2020-07-17 13:36:51.546273
1610|OGAN ILIR|SUMATERA SELATAN|Sumsel|435092.0|114|107|63|3|7.0|0.0|10|245|24|24.59|14.48|0.69|1.61|2.3|41|3.0|26.2|55.26|8.77|41|35.96|2020-07-16 21:00:00.000000|2020-07-17 13:36:51.546273
7106|MINAHASA UTARA|SULAWESI UTARA|Sulut|204789.0|105|105|32|6|0.0|0.0|6|3|12|51.27|15.63|2.93|0.0|2.93|67|0.0|51.27|30.48|5.71|67|63.81|2020-07-16 21:12:00.000000|2020-07-17 13:36:51.546273
1603|MUARA ENIM|SUMATERA SELATAN|Sumsel|645600.0|110|104|31|3|6.0|0.0|9|388|19|16.11|4.8|0.46|0.93|1.39|70|2.0|17.04|28.18|8.18|70|63.64|2020-07-16 21:00:00.000000|2020-07-17 13:36:51.546273
7471|KOTA KENDARI|SULAWESI TENGGARA|Sultra|404232.0|103|103|73|5|0.0|0.0|5|0|3|25.48|18.06|1.24|0.0|1.24|25|0.0|25.48|70.87|4.85|25|24.27|2020-07-15 17:00:00.000000|2020-07-17 13:36:51.546273
3575|KOTA PASURUAN|JAWA TIMUR|Jatim|201585.0|109|103|35|8|6.0|0.0|14|145|31|51.1|17.36|3.97|2.98|6.94|60|13.0|54.07|32.11|12.84|60|55.05|2020-07-16 18:25:00.000000|2020-07-17 13:36:51.546273
1674|KOTA LUBUKLINGGAU|SUMATERA SELATAN|Sumsel|235189.0|108|102|95|0|6.0|0.0|6|261|28|43.37|40.39|0.0|2.55|2.55|7|10.0|45.92|87.96|5.56|7|6.48|2020-07-16 21:00:00.000000|2020-07-17 13:36:51.546273
7304|JENEPONTO|SULAWESI SELATAN|Sulsel|365611.0|105|102|3|2|3.0|0.0|5|525|39|27.9|0.82|0.55|0.82|1.37|97|0.0|28.72|2.86|4.76|97|92.38|2020-07-17 12:53:00.000000|2020-07-17 13:36:51.546273
8103|MALUKU TENGAH|MALUKU|Maluku|374423.0|102|102|0|0|0.0|0.0|0|11|3|27.24|0.0|0.0|0.0|0.0|102|0.0|27.24|0.0|0.0|102|100.0|2020-07-16 00:00:00.000000|2020-07-17 13:36:51.546273
3571|KOTA KEDIRI|JAWA TIMUR|Jatim|289110.0|120|101|53|1|11.0|8.0|20|562|62|34.93|18.33|0.35|3.8|6.92|47|14.0|41.51|44.17|16.67|47|39.17|2020-07-16 15:02:00.000000|2020-07-17 13:36:51.546273
7502|GORONTALO|GORONTALO|Gorontalo|380292.0|105|100|66|5|5.0|0.0|10|376|109|26.3|17.36|1.31|1.31|2.63|29|12.0|27.61|62.86|9.52|29|27.62|2020-07-16 19:00:00.000000|2020-07-17 13:36:51.546273
3316|BLORA|JAWA TENGAH|Jateng|867797.0|124|100|52|42|12.0|12.0|66|158|90|11.52|5.99|4.84|1.38|7.61|6|11.0|14.29|41.94|53.23|6|4.84|2020-07-17 00:00:00.000000|2020-07-17 13:36:51.546273
3373|KOTA SALATIGA|JAWA TENGAH|Jateng|196599.0|98|98|70|0|0.0|0.0|0|27|1|49.85|35.61|0.0|0.0|0.0|28|1.0|49.85|71.43|0.0|28|28.57|2020-07-17 12:46:00.000000|2020-07-17 13:36:51.546273
6213|MURUNG RAYA|KALIMANTAN TENGAH|Kalteng|123363.0|98|98|65|0|0.0|0.0|0|0|0|79.44|52.69|0.0|0.0|0.0|33|0.0|79.44|66.33|0.0|33|33.67|2020-07-16 09:41:00.000000|2020-07-17 13:36:51.546273
3508|LUMAJANG|JAWA TIMUR|Jatim|1044716.0|132|98|47|7|30.0|4.0|41|441|201|9.38|4.5|0.67|2.87|3.92|44|26.0|12.64|35.61|31.06|44|33.33|2020-07-16 14:58:00.000000|2020-07-17 13:36:51.546273
6403|KUTAI KARTANEGARA|KALIMANTAN TIMUR|Kaltim|802899.0|96|96|72|1|0.0|0.0|1|756|101|11.96|8.97|0.12|0.0|0.12|23|23.0|11.96|75.0|1.04|23|23.96|2020-07-16 19:00:00.000000|2020-07-17 13:36:51.546273
1471|KOTA PEKANBARU|RIAU|Riau|1169071.0|174|93|82|6|81.0|0.0|87|6651|1011|7.96|7.01|0.51|6.93|7.44|5|25.0|14.88|47.13|50.0|5|2.87|2020-07-17 07:43:00.000000|2020-07-17 13:36:51.546273
6307|HULU SUNGAI TENGAH|KALIMANTAN SELATAN|Kalsel|275216.0|93|93|32|1|0.0|0.0|1|1|3|33.79|11.63|0.36|0.0|0.36|60|0.0|33.79|34.41|1.08|60|64.52|2020-07-16 16:30:00.000000|2020-07-17 13:36:51.546273
3306|PURWOREJO|JAWA TENGAH|Jateng|719909.0|101|90|75|0|11.0|0.0|11|256|52|12.5|10.42|0.0|1.53|1.53|15|2.0|14.03|74.26|10.89|15|14.85|2020-07-16 16:09:00.000000|2020-07-17 13:36:51.546273
3310|KLATEN|JAWA TENGAH|Jateng|1178500.0|89|89|47|3|0.0|0.0|3|0|13|7.55|3.99|0.25|0.0|0.25|39|13.0|7.55|52.81|3.37|39|43.82|2020-07-17 12:46:00.000000|2020-07-17 13:36:51.546273
6571|KOTA TARAKAN|KALIMANTAN UTARA|Kaltara|280215.0|87|87|72|0|0.0|0.0|0|385|0|31.05|25.69|0.0|0.0|0.0|15|0.0|31.05|82.76|0.0|15|17.24|2020-07-16 21:00:00.000000|2020-07-17 13:36:51.546273
9409|BIAK NUMFOR|PAPUA|Papua|155503.0|86|86|78|0|0.0|0.0|0|3|0|55.3|50.16|0.0|0.0|0.0|8|0.0|55.3|90.7|0.0|8|9.3|2020-07-16 00:00:00.000000|2020-07-17 13:36:51.546273
3307|WONOSOBO|JAWA TENGAH|Jateng|793404.0|85|85|84|0|0.0|0.0|0|4|6|10.71|10.59|0.0|0.0|0.0|1|6.0|10.71|98.82|0.0|1|1.18|2020-07-17 12:46:00.000000|2020-07-17 13:36:51.546273
3317|REMBANG|JAWA TENGAH|Jateng|642720.0|85|85|53|12|0.0|0.0|12|2|11|13.23|8.25|1.87|0.0|1.87|20|11.0|13.23|62.35|14.12|20|23.53|2020-07-17 12:46:00.000000|2020-07-17 13:36:51.546273
3217|BANDUNG BARAT|JAWA BARAT|Jabar|1714985.0|87|80|64|4|7.0|0.0|11|742|37|4.66|3.73|0.23|0.41|0.64|12|5.0|5.07|73.56|12.64|12|13.79|2020-07-17 12:34:00.000000|2020-07-17 13:36:51.546273
3313|KARANGANYAR|JAWA TENGAH|Jateng|893678.0|106|80|42|4|23.0|3.0|30|1225|274|8.95|4.7|0.45|2.57|3.36|34|16.0|11.86|39.62|28.3|34|32.08|2020-07-16 13:00:00.000000|2020-07-17 13:36:51.546273
7408|KOLAKA UTARA|SULAWESI TENGGARA|Sultra|153669.0|79|79|49|1|0.0|0.0|1|0|0|51.41|31.89|0.65|0.0|0.65|29|0.0|51.41|62.03|1.27|29|36.71|2020-07-15 17:00:00.000000|2020-07-17 13:36:51.546273
3372|KOTA SURAKARTA|JAWA TENGAH|Jateng|521077.0|79|79|43|5|0.0|0.0|5|5|21|15.16|8.25|0.96|0.0|0.96|31|21.0|15.16|54.43|6.33|31|39.24|2020-07-17 12:46:00.000000|2020-07-17 13:36:51.546273
8206|HALMAHERA TIMUR|MALUKU UTARA|MalukuUtara|97422.0|79|79|0|0|0.0|0.0|0|1|0|81.09|0.0|0.0|0.0|0.0|79|0.0|81.09|0.0|0.0|79|100.0|2020-07-13 19:45:00.000000|2020-07-17 13:36:51.546273
7303|BANTAENG|SULAWESI SELATAN|Sulsel|188495.0|79|78|0|0|1.0|0.0|1|127|3|41.38|0.0|0.0|0.53|0.53|78|0.0|41.91|0.0|1.27|78|98.73|2020-07-17 12:53:00.000000|2020-07-17 13:36:51.546273
6404|KUTAI TIMUR|KALIMANTAN TIMUR|Kaltim|390992.0|77|77|47|1|0.0|0.0|1|599|74|19.69|12.02|0.26|0.0|0.26|29|14.0|19.69|61.04|1.3|29|37.66|2020-07-16 19:00:00.000000|2020-07-17 13:36:51.546273
7307|SINJAI|SULAWESI SELATAN|Sulsel|245388.0|77|77|16|1|0.0|0.0|1|240|20|31.38|6.52|0.41|0.0|0.41|60|0.0|31.38|20.78|1.3|60|77.92|2020-07-17 12:53:00.000000|2020-07-17 13:36:51.546273
6302|KOTA BARU|KALIMANTAN SELATAN|Kalsel|347403.0|76|76|58|2|0.0|0.0|2|17|4|21.88|16.7|0.58|0.0|0.58|16|0.0|21.88|76.32|2.63|16|21.05|2020-07-16 16:30:00.000000|2020-07-17 13:36:51.546273
3325|BATANG|JAWA TENGAH|Jateng|774688.0|96|76|52|3|20.0|0.0|23|1100|120|9.81|6.71|0.39|2.58|2.97|21|14.0|12.39|54.17|23.96|21|21.88|2020-07-17 09:52:00.000000|2020-07-17 13:36:51.546273
3403|GUNUNG KIDUL|DAERAH ISTIMEWA YOGYAKARTA|DIY|749276.0|78|75|51|1|3.0|0.0|4|1462|191|10.01|6.81|0.13|0.4|0.53|23|19.0|10.41|65.38|5.13|23|29.49|2020-07-16 17:00:00.000000|2020-07-17 13:36:51.546273
7406|BOMBANA|SULAWESI TENGGARA|Sultra|189270.0|74|74|74|0|0.0|0.0|0|0|0|39.1|39.1|0.0|0.0|0.0|0|0.0|39.1|100.0|0.0|0|0.0|2020-07-15 17:00:00.000000|2020-07-17 13:36:51.546273
1602|OGAN KOMERING ILIR|SUMATERA SELATAN|Sumsel|839623.0|75|74|67|3|1.0|0.0|4|125|9|8.81|7.98|0.36|0.12|0.48|4|0.0|8.93|89.33|5.33|4|5.33|2020-07-16 21:00:00.000000|2020-07-17 13:36:51.546273
3272|KOTA SUKABUMI|JAWA BARAT|Jabar|330691.0|79|73|54|0|6.0|0.0|6|0|0|22.07|16.33|0.0|1.81|1.81|19|15.0|23.89|68.35|7.59|19|24.05|2020-07-17 08:34:00.000000|2020-07-17 13:36:51.546273
3315|GROBOGAN|JAWA TENGAH|Jateng|1383792.0|73|73|0|18|0.0|0.0|18|702|196|5.28|0.0|1.3|0.0|1.3|55|0.0|5.28|0.0|24.66|55|75.34|2020-07-16 13:00:00.000000|2020-07-17 13:36:51.546273
7372|KOTA PAREPARE|SULAWESI SELATAN|Sulsel|146715.0|72|72|40|0|0.0|0.0|0|137|97|49.07|27.26|0.0|0.0|0.0|32|0.0|49.07|55.56|0.0|32|44.44|2020-07-17 12:53:00.000000|2020-07-17 13:36:51.546273
7472|KOTA BAUBAU|SULAWESI TENGGARA|Sultra|176225.0|72|72|17|1|0.0|0.0|1|41|11|40.86|9.65|0.57|0.0|0.57|54|0.0|40.86|23.61|1.39|54|75.0|2020-07-15 17:00:00.000000|2020-07-17 13:36:51.546273
8204|HALMAHERA SELATAN|MALUKU UTARA|MalukuUtara|238730.0|71|71|0|0|0.0|0.0|0|16|6|29.74|0.0|0.0|0.0|0.0|71|0.0|29.74|0.0|0.0|71|100.0|2020-07-13 19:45:00.000000|2020-07-17 13:36:51.546273
3303|PURBALINGGA|JAWA TENGAH|Jateng|942573.0|69|69|60|1|0.0|0.0|1|1|4|7.32|6.37|0.11|0.0|0.11|8|4.0|7.32|86.96|1.45|8|11.59|2020-07-17 12:46:00.000000|2020-07-17 13:36:51.546273
3301|CILACAP|JAWA TENGAH|Jateng|1734282.0|68|68|62|1|0.0|0.0|1|7|3|3.92|3.57|0.06|0.0|0.06|5|3.0|3.92|91.18|1.47|5|7.35|2020-07-17 12:46:00.000000|2020-07-17 13:36:51.546273
6211|GUNUNG MAS|KALIMANTAN TENGAH|Kalteng|122344.0|68|68|45|2|0.0|0.0|2|0|0|55.58|36.78|1.63|0.0|1.63|21|0.0|55.58|66.18|2.94|21|30.88|2020-07-16 09:41:00.000000|2020-07-17 13:36:51.546273
1606|MUSI BANYUASIN|SUMATERA SELATAN|Sumsel|655400.0|78|68|44|4|10.0|0.0|14|382|90|10.38|6.71|0.61|1.53|2.14|20|8.0|11.9|56.41|17.95|20|25.64|2020-07-16 21:00:00.000000|2020-07-17 13:36:51.546273
3327|PEMALANG|JAWA TENGAH|Jateng|1305709.0|89|67|38|3|22.0|0.0|25|3313|321|5.13|2.91|0.23|1.68|1.91|26|13.0|6.82|42.7|28.09|26|29.21|2020-07-16 16:51:00.000000|2020-07-17 13:36:51.546273
7312|SOPPENG|SULAWESI SELATAN|Sulsel|227207.0|71|67|24|1|4.0|0.0|5|77|40|29.49|10.56|0.44|1.76|2.2|42|0.0|31.25|33.8|7.04|42|59.15|2020-07-17 12:53:00.000000|2020-07-17 13:36:51.546273
1612|PENUKAL ABAB LEMATANG ILIR|SUMATERA SELATAN|Sumsel|189764.0|73|66|19|4|7.0|0.0|11|197|27|34.78|10.01|2.11|3.69|5.8|43|9.0|38.47|26.03|15.07|43|58.9|2020-07-16 21:00:00.000000|2020-07-17 13:36:51.546273
3213|SUBANG|JAWA BARAT|Jabar|1612573.0|66|66|17|2|0.0|0.0|2|0|0|4.09|1.05|0.12|0.0|0.12|47|42.0|4.09|25.76|3.03|47|71.21|2020-07-17 08:34:00.000000|2020-07-17 13:36:51.546273
3304|BANJARNEGARA|JAWA TENGAH|Jateng|928216.0|69|65|40|0|4.0|0.0|4|164|46|7.0|4.31|0.0|0.43|0.43|25|1.0|7.43|57.97|5.8|25|36.23|2020-07-13 20:55:00.000000|2020-07-17 13:36:51.546273
3604|SERANG|BANTEN|Banten|1513995.0|95|64|54|1|31.0|0.0|32|1068|93|4.23|3.57|0.07|2.05|2.11|9|1.0|6.27|56.84|33.68|9|9.47|2020-07-14 15:33:00.000000|2020-07-17 13:36:51.546273
7401|BUTON|SULAWESI TENGGARA|Sultra|103869.0|64|64|21|3|0.0|0.0|3|0|0|61.62|20.22|2.89|0.0|2.89|40|0.0|61.62|32.81|4.69|40|62.5|2020-07-15 17:00:00.000000|2020-07-17 13:36:51.546273
9107|SORONG|PAPUA BARAT|PapuaBarat|91134.0|61|61|47|0|0.0|0.0|0|62|8|66.93|51.57|0.0|0.0|0.0|14|3.0|66.93|77.05|0.0|14|22.95|2020-07-12 21:00:00.000000|2020-07-17 13:36:51.546273
1901|BANGKA|KEPULAUAN BANGKA BELITUNG|Babel|343820.0|59|59|58|0|0.0|0.0|0|276|46|17.16|16.87|0.0|0.0|0.0|1|1.0|17.16|98.31|0.0|1|1.69|2020-07-17 12:47:00.000000|2020-07-17 13:36:51.546273
3505|BLITAR|JAWA TIMUR|Jatim|1163787.0|118|59|25|8|26.0|33.0|67|1057|100|5.07|2.15|0.69|2.23|5.76|26|15.0|10.14|21.19|56.78|26|22.03|2020-07-16 17:20:00.000000|2020-07-17 13:36:51.546273
7207|BUOL|SULAWESI TENGAH|Sulteng|165420.0|57|57|57|0|0.0|0.0|0|0|0|34.46|34.46|0.0|0.0|0.0|0|0.0|34.46|100.0|0.0|0|0.0|2020-07-16 06:07:00.000000|2020-07-17 13:36:51.546273
9420|KEEROM|PAPUA|Papua|57902.0|57|57|36|0|0.0|0.0|0|1|7|98.44|62.17|0.0|0.0|0.0|21|0.0|98.44|63.16|0.0|21|36.84|2020-07-16 00:00:00.000000|2020-07-17 13:36:51.546273
6401|PASER|KALIMANTAN TIMUR|Kaltim|291572.0|57|57|26|1|0.0|0.0|1|524|51|19.55|8.92|0.34|0.0|0.34|30|61.0|19.55|45.61|1.75|30|52.63|2020-07-16 19:00:00.000000|2020-07-17 13:36:51.546273
5204|SUMBAWA|NUSA TENGGARA BARAT|NTB|461503.0|55|55|41|1|0.0|0.0|1|496|180|11.92|8.88|0.22|0.0|0.22|13|15.0|11.92|74.55|1.82|13|23.64|2020-07-16 22:50:00.000000|2020-07-17 13:36:51.546273
3314|SRAGEN|JAWA TENGAH|Jateng|892915.0|76|54|46|1|22.0|0.0|23|264|115|6.05|5.15|0.11|2.46|2.58|7|12.0|8.51|60.53|30.26|7|9.21|2020-07-16 15:00:00.000000|2020-07-17 13:36:51.546273
3503|TRENGGALEK|JAWA TIMUR|Jatim|697599.0|70|54|32|0|16.0|0.0|16|943|55|7.74|4.59|0.0|2.29|2.29|22|8.0|10.03|45.71|22.86|22|31.43|2020-07-16 14:06:00.000000|2020-07-17 13:36:51.546273
5208|LOMBOK UTARA|NUSA TENGGARA BARAT|NTB|222213.0|53|53|45|3|0.0|0.0|3|361|112|23.85|20.25|1.35|0.0|1.35|5|7.0|23.85|84.91|5.66|5|9.43|2020-07-16 22:50:00.000000|2020-07-17 13:36:51.546273
3215|KARAWANG|JAWA BARAT|Jabar|2370488.0|133|53|32|0|73.0|7.0|80|5354|600|2.24|1.35|0.0|3.08|3.37|21|6.0|5.61|24.06|60.15|21|15.79|2020-07-17 00:00:00.000000|2020-07-17 13:36:51.546273
6405|BERAU|KALIMANTAN TIMUR|Kaltim|238216.0|52|52|40|1|0.0|0.0|1|168|72|21.83|16.79|0.42|0.0|0.42|11|27.0|21.83|76.92|1.92|11|21.15|2020-07-16 19:00:00.000000|2020-07-17 13:36:51.546273
3305|KEBUMEN|JAWA TENGAH|Jateng|1200624.0|74|51|47|2|23.0|0.0|25|3303|291|4.25|3.91|0.17|1.92|2.08|2|18.0|6.16|63.51|33.78|2|2.7|2020-07-16 15:29:00.000000|2020-07-17 13:36:51.546273
5101|JEMBRANA|BALI|Bali|279600.0|51|51|43|0|0.0|0.0|0|231|70|18.24|15.38|0.0|0.0|0.0|8|0.0|18.24|84.31|0.0|8|15.69|2020-07-17 00:00:00.000000|2020-07-17 13:36:51.546273
9104|TELUK BINTUNI|PAPUA BARAT|PapuaBarat|65712.0|57|50|50|0|6.0|1.0|7|9|13|76.09|76.09|0.0|9.13|10.65|0|0.0|86.74|87.72|12.28|0|0.0|2020-07-12 21:00:00.000000|2020-07-17 13:36:51.546273
1971|KOTA PANGKAL PINANG|KEPULAUAN BANGKA BELITUNG|Babel|216894.0|50|50|47|1|0.0|0.0|1|245|25|23.05|21.67|0.46|0.0|0.46|2|5.0|23.05|94.0|2.0|2|4.0|2020-07-17 12:47:00.000000|2020-07-17 13:36:51.546273
1403|INDRAGIRI HILIR|RIAU|Riau|749814.0|58|49|43|2|9.0|0.0|11|13176|250|6.53|5.73|0.27|1.2|1.47|4|7.0|7.74|74.14|18.97|4|6.9|2020-07-17 07:43:00.000000|2020-07-17 13:36:51.546273
6106|KETAPANG|KALIMANTAN BARAT|Kalbar|521412.0|49|49|0|0|0.0|0.0|0|0|20|9.4|0.0|0.0|0.0|0.0|49|0.0|9.4|0.0|0.0|49|100.0|2020-07-17 23:59:00.000000|2020-07-17 13:36:51.546273
6202|KOTAWARINGIN TIMUR|KALIMANTAN TENGAH|Kalteng|476030.0|48|48|34|4|0.0|0.0|4|0|0|10.08|7.14|0.84|0.0|0.84|10|0.0|10.08|70.83|8.33|10|20.83|2020-07-16 09:41:00.000000|2020-07-17 13:36:51.546273
8207|PULAU MOROTAI|MALUKU UTARA|MalukuUtara|68973.0|48|48|0|0|0.0|0.0|0|44|0|69.59|0.0|0.0|0.0|0.0|48|0.0|69.59|0.0|0.0|48|100.0|2020-07-13 19:45:00.000000|2020-07-17 13:36:51.546273
1209|SIMALUNGUN|SUMATERA UTARA|Sumut|871679.0|57|47|21|2|10.0|0.0|12|45|36|5.39|2.41|0.23|1.15|1.38|24|25.0|6.54|36.84|21.05|24|42.11|2020-06-27 08:00:00.000000|2020-07-17 13:36:51.546273
7604|MAMUJU|SULAWESI BARAT|Sulbar|300319.0|50|47|16|1|3.0|0.0|4|89|21|15.65|5.33|0.33|1.0|1.33|30|9.0|16.65|32.0|8.0|30|60.0|2020-07-15 18:03:00.000000|2020-07-17 13:36:51.546273
3329|BREBES|JAWA TENGAH|Jateng|1815084.0|46|46|33|0|0.0|0.0|0|0|11|2.53|1.82|0.0|0.0|0.0|13|11.0|2.53|71.74|0.0|13|28.26|2020-07-17 13:11:00.000000|2020-07-17 13:36:51.546273
7504|BONE BOLANGO|GORONTALO|Gorontalo|163101.0|47|46|32|2|1.0|0.0|3|154|79|28.2|19.62|1.23|0.61|1.84|12|21.0|28.82|68.09|6.38|12|25.53|2020-07-16 19:00:00.000000|2020-07-17 13:36:51.546273
5205|DOMPU|NUSA TENGGARA BARAT|NTB|255569.0|44|44|43|1|0.0|0.0|1|125|52|17.22|16.83|0.39|0.0|0.39|0|0.0|17.22|97.73|2.27|0|0.0|2020-07-16 22:50:00.000000|2020-07-17 13:36:51.546273
6504|NUNUKAN|KALIMANTAN UTARA|Kaltara|218513.0|44|44|43|0|0.0|0.0|0|21|1|20.14|19.68|0.0|0.0|0.0|1|0.0|20.14|97.73|0.0|1|2.27|2020-07-16 21:00:00.000000|2020-07-17 13:36:51.546273
7271|KOTA PALU|SULAWESI TENGAH|Sulteng|397029.0|44|44|40|3|0.0|0.0|3|4|1|11.08|10.07|0.76|0.0|0.76|1|0.0|11.08|90.91|6.82|1|2.27|2020-07-16 06:07:00.000000|2020-07-17 13:36:51.546273
1672|KOTA PRABUMULIH|SUMATERA SELATAN|Sumsel|188931.0|61|44|33|4|17.0|0.0|21|230|89|23.29|17.47|2.12|9.0|11.12|7|50.0|32.29|54.1|34.43|7|11.48|2020-07-16 21:00:00.000000|2020-07-17 13:36:51.546273
7602|POLEWALI MANDAR|SULAWESI BARAT|Sulbar|448485.0|46|44|32|1|2.0|0.0|3|468|62|9.81|7.14|0.22|0.45|0.67|11|10.0|10.26|69.57|6.52|11|23.91|2020-07-15 18:03:00.000000|2020-07-17 13:36:51.546273
3214|PURWAKARTA|JAWA BARAT|Jabar|971888.0|54|44|29|1|10.0|0.0|11|0|0|4.53|2.98|0.1|1.03|1.13|14|9.0|5.56|53.7|20.37|14|25.93|2020-07-17 08:34:00.000000|2020-07-17 13:36:51.546273
1108|ACEH BESAR|ACEH|Aceh|433532.0|44|44|18|3|0.0|0.0|3|184|24|10.15|4.15|0.69|0.0|0.69|23|0.0|10.15|40.91|6.82|23|52.27|2020-07-16 15:00:00.000000|2020-07-17 13:36:51.546273
1276|KOTA BINJAI|SUMATERA UTARA|Sumut|279303.0|53|44|17|4|9.0|0.0|13|0|0|15.75|6.09|1.43|3.22|4.65|23|0.0|18.98|32.08|24.53|23|43.4|2020-07-17 12:49:00.000000|2020-07-17 13:36:51.546273
6502|BULUNGAN|KALIMANTAN UTARA|Kaltara|145078.0|43|43|39|2|0.0|0.0|2|0|1|29.64|26.88|1.38|0.0|1.38|2|0.0|29.64|90.7|4.65|2|4.65|2020-07-16 21:00:00.000000|2020-07-17 13:36:51.546273
3202|SUKABUMI|JAWA BARAT|Jabar|2470220.0|57|43|28|0|14.0|0.0|14|0|0|1.74|1.13|0.0|0.57|0.57|15|7.0|2.31|49.12|24.56|15|26.32|2020-07-17 08:34:00.000000|2020-07-17 13:36:51.546273
6112|KUBU RAYA|KALIMANTAN BARAT|Kalbar|587611.0|43|43|0|0|0.0|0.0|0|0|86|7.32|0.0|0.0|0.0|0.0|43|0.0|7.32|0.0|0.0|43|100.0|2020-07-17 23:59:00.000000|2020-07-17 13:36:51.546273
3471|KOTA YOGYAKARTA|DAERAH ISTIMEWA YOGYAKARTA|DIY|435935.0|46|41|36|2|5.0|0.0|7|908|235|9.41|8.26|0.46|1.15|1.61|3|9.0|10.55|78.26|15.22|3|6.52|2020-07-16 17:00:00.000000|2020-07-17 13:36:51.546273
3510|BANYUWANGI|JAWA TIMUR|Jatim|1617814.0|61|41|33|2|17.0|3.0|22|922|69|2.53|2.04|0.12|1.05|1.36|6|12.0|3.77|54.1|36.07|6|9.84|2020-07-16 15:19:00.000000|2020-07-17 13:36:51.546273
3501|PACITAN|JAWA TIMUR|Jatim|555983.0|50|41|16|1|8.0|1.0|10|682|26|7.37|2.88|0.18|1.44|1.8|24|4.0|8.99|32.0|20.0|24|48.0|2020-07-16 18:14:00.000000|2020-07-17 13:36:51.546273
1601|OGAN KOMERING ULU|SUMATERA SELATAN|Sumsel|372123.0|43|40|40|0|3.0|0.0|3|157|10|10.75|10.75|0.0|0.81|0.81|0|0.0|11.56|93.02|6.98|0|0.0|2020-07-16 21:00:00.000000|2020-07-17 13:36:51.546273
7314|SIDENRENG RAPPANG|SULAWESI SELATAN|Sulsel|304827.0|40|40|32|3|0.0|0.0|3|87|52|13.12|10.5|0.98|0.0|0.98|5|0.0|13.12|80.0|7.5|5|12.5|2020-07-17 12:53:00.000000|2020-07-17 13:36:51.546273
3519|MADIUN|JAWA TIMUR|Jatim|683784.0|55|39|34|0|16.0|0.0|16|373|123|5.7|4.97|0.0|2.34|2.34|5|15.0|8.04|61.82|29.09|5|9.09|2020-07-16 17:49:00.000000|2020-07-17 13:36:51.546273
6209|KATINGAN|KALIMANTAN TENGAH|Kalteng|172288.0|39|39|30|1|0.0|0.0|1|0|0|22.64|17.41|0.58|0.0|0.58|8|0.0|22.64|76.92|2.56|8|20.51|2020-07-16 09:41:00.000000|2020-07-17 13:36:51.546273
7318|TANA TORAJA|SULAWESI SELATAN|Sulsel|235102.0|40|39|6|2|1.0|0.0|3|231|13|16.59|2.55|0.85|0.43|1.28|31|0.0|17.01|15.0|7.5|31|77.5|2020-07-17 12:53:00.000000|2020-07-17 13:36:51.546273
3672|KOTA CILEGON|BANTEN|Banten|442802.0|79|38|37|1|40.0|1.0|42|732|157|8.58|8.36|0.23|9.03|9.49|0|7.0|17.84|46.84|53.16|0|0.0|2020-07-16 00:00:00.000000|2020-07-17 13:36:51.546273
7606|MAMUJU TENGAH|SULAWESI BARAT|Sulbar|286389.0|42|38|37|1|2.0|2.0|5|327|19|13.27|12.92|0.35|0.7|1.75|0|2.0|14.67|88.1|11.9|0|0.0|2020-07-15 18:03:00.000000|2020-07-17 13:36:51.546273
3212|INDRAMAYU|JAWA BARAT|Jabar|1737622.0|99|38|22|4|41.0|20.0|65|0|0|2.19|1.27|0.23|2.36|3.74|12|137.0|5.7|22.22|65.66|12|12.12|2020-07-17 08:34:00.000000|2020-07-17 13:36:51.546273
7309|PANGKAJENE DAN KEPULAUAN|SULAWESI SELATAN|Sulsel|338219.0|42|38|20|1|4.0|0.0|5|130|55|11.24|5.91|0.3|1.18|1.48|17|0.0|12.42|47.62|11.9|17|40.48|2020-07-17 12:53:00.000000|2020-07-17 13:36:51.546273
1171|KOTA BANDA ACEH|ACEH|Aceh|276305.0|38|38|19|2|0.0|0.0|2|984|16|13.75|6.88|0.72|0.0|0.72|17|0.0|13.75|50.0|5.26|17|44.74|2020-07-16 15:00:00.000000|2020-07-17 13:36:51.546273
3326|PEKALONGAN|JAWA TENGAH|Jateng|903110.0|38|38|15|2|0.0|0.0|2|13|5|4.21|1.66|0.22|0.0|0.22|21|5.0|4.21|39.47|5.26|21|55.26|2020-07-17 12:46:00.000000|2020-07-17 13:36:51.546273
3328|TEGAL|JAWA TENGAH|Jateng|1443928.0|70|36|28|4|34.0|0.0|38|1362|292|2.49|1.94|0.28|2.35|2.63|4|15.0|4.85|40.0|54.29|4|5.71|2020-07-16 00:00:00.000000|2020-07-17 13:36:51.546273
3208|KUNINGAN|JAWA BARAT|Jabar|1087104.0|45|36|25|2|9.0|0.0|11|0|0|3.31|2.3|0.18|0.83|1.01|9|57.0|4.14|55.56|24.44|9|20.0|2020-07-17 08:34:00.000000|2020-07-17 13:36:51.546273
6402|KUTAI BARAT|KALIMANTAN TIMUR|Kaltim|148277.0|35|35|24|0|0.0|0.0|0|239|12|23.6|16.19|0.0|0.0|0.0|11|57.0|23.6|68.57|0.0|11|31.43|2020-07-16 19:00:00.000000|2020-07-17 13:36:51.546273
6204|BARITO SELATAN|KALIMANTAN TENGAH|Kalteng|137865.0|35|35|19|1|0.0|0.0|1|0|0|25.39|13.78|0.73|0.0|0.73|15|0.0|25.39|54.29|2.86|15|42.86|2020-07-16 09:41:00.000000|2020-07-17 13:36:51.546273
6107|SINTANG|KALIMANTAN BARAT|Kalbar|423987.0|35|35|0|0|0.0|0.0|0|0|1|8.25|0.0|0.0|0.0|0.0|35|0.0|8.25|0.0|0.0|35|100.0|2020-07-17 23:59:00.000000|2020-07-17 13:36:51.546273
6501|MALINAU|KALIMANTAN UTARA|Kaltara|93803.0|34|34|33|0|0.0|0.0|0|11|5|36.25|35.18|0.0|0.0|0.0|1|0.0|36.25|97.06|0.0|1|2.94|2020-07-16 21:00:00.000000|2020-07-17 13:36:51.546273
1605|MUSI RAWAS|SUMATERA SELATAN|Sumsel|408279.0|37|33|31|2|4.0|0.0|6|42|19|8.08|7.59|0.49|0.98|1.47|0|1.0|9.06|83.78|16.22|0|0.0|2020-07-16 21:00:00.000000|2020-07-17 13:36:51.546273
3371|KOTA MAGELANG|JAWA TENGAH|Jateng|122374.0|42|33|29|4|8.0|1.0|13|318|69|26.97|23.7|3.27|6.54|10.62|0|2.0|34.32|69.05|30.95|0|0.0|2020-07-16 18:00:00.000000|2020-07-17 13:36:51.546273
1211|KARO|SUMATERA UTARA|Sumut|421999.0|33|33|17|2|0.0|0.0|2|0|3|7.82|4.03|0.47|0.0|0.47|14|0.0|7.82|51.52|6.06|14|42.42|2020-07-16 00:00:00.000000|2020-07-17 13:36:51.546273
6103|LANDAK|KALIMANTAN BARAT|Kalbar|381928.0|33|33|0|0|0.0|0.0|0|0|20|8.64|0.0|0.0|0.0|0.0|33|0.0|8.64|0.0|0.0|33|100.0|2020-07-17 23:59:00.000000|2020-07-17 13:36:51.546273
3521|NGAWI|JAWA TIMUR|Jatim|830133.0|53|32|23|0|12.0|9.0|21|370|72|3.85|2.77|0.0|1.45|2.53|9|6.0|6.38|43.4|39.62|9|16.98|2020-07-16 13:52:00.000000|2020-07-17 13:36:51.546273
3511|BONDOWOSO|JAWA TIMUR|Jatim|778791.0|37|32|21|1|1.0|4.0|6|1214|13|4.11|2.7|0.13|0.13|0.77|10|1.0|4.75|56.76|16.22|10|27.03|2020-07-16 13:11:00.000000|2020-07-17 13:36:51.546273
3101|KEPULAUAN SERIBU|DKI JAKARTA|DKI|24469.0|36|32|12|0|1.0|3.0|4|1079|23|130.78|49.04|0.0|4.09|16.35|20|1.0|147.12|33.33|11.11|20|55.56|2020-07-16 09:00:00.000000|2020-07-17 13:36:51.546273
1219|BATU BARA|SUMATERA UTARA|Sumut|420102.0|32|32|4|0|0.0|0.0|0|0|0|7.62|0.95|0.0|0.0|0.0|28|0.0|7.62|12.5|0.0|28|87.5|2020-07-16 00:00:00.000000|2020-07-17 13:36:51.546273
1571|KOTA JAMBI|JAMBI|Jambi|611351.0|32|32|0|0|0.0|0.0|0|485|74|5.23|0.0|0.0|0.0|0.0|32|0.0|5.23|0.0|0.0|32|100.0|2020-07-17 12:48:00.000000|2020-07-17 13:36:51.546273
6110|MELAWI|KALIMANTAN BARAT|Kalbar|211192.0|32|32|0|0|0.0|0.0|0|0|4|15.15|0.0|0.0|0.0|0.0|32|0.0|15.15|0.0|0.0|32|100.0|2020-07-17 23:59:00.000000|2020-07-17 13:36:51.546273
1805|LAMPUNG TENGAH|LAMPUNG|Lampung|1290409.0|33|31|30|1|1.0|1.0|3|462|0|2.4|2.32|0.08|0.08|0.23|0|0.0|2.56|90.91|9.09|0|0.0|2020-07-17 12:47:00.000000|2020-07-17 13:36:51.546273
7414|BUTON TENGAH|SULAWESI TENGGARA|Sultra|94207.0|31|31|27|0|0.0|0.0|0|0|1|32.91|28.66|0.0|0.0|0.0|4|0.0|32.91|87.1|0.0|4|12.9|2020-07-15 17:00:00.000000|2020-07-17 13:36:51.546273
9402|JAYAWIJAYA|PAPUA|Papua|220112.0|31|31|25|0|0.0|0.0|0|6|0|14.08|11.36|0.0|0.0|0.0|6|0.0|14.08|80.65|0.0|6|19.35|2020-07-16 00:00:00.000000|2020-07-17 13:36:51.546273
3673|KOTA SERANG|BANTEN|Banten|699102.0|31|31|22|2|0.0|0.0|2|380|60|4.43|3.15|0.29|0.0|0.29|7|0.0|4.43|70.97|6.45|7|22.58|2020-07-16 15:00:00.000000|2020-07-17 13:36:51.546273
1208|ASAHAN|SUMATERA UTARA|Sumut|735026.0|31|31|7|5|0.0|0.0|5|1|0|4.22|0.95|0.68|0.0|0.68|19|0.0|4.22|22.58|16.13|19|61.29|2020-07-16 05:44:00.000000|2020-07-17 13:36:51.546273
1374|KOTA PADANG PANJANG|SUMATERA BARAT|Sumbar|54421.0|30|30|30|0|0.0|0.0|0|148|28|55.13|55.13|0.0|0.0|0.0|0|0.0|55.13|100.0|0.0|0|0.0|2020-07-16 15:49:00.000000|2020-07-17 13:36:51.546273
7315|PINRANG|SULAWESI SELATAN|Sulsel|379402.0|30|30|23|1|0.0|0.0|1|489|32|7.91|6.06|0.26|0.0|0.26|6|0.0|7.91|76.67|3.33|6|20.0|2020-07-17 12:53:00.000000|2020-07-17 13:36:51.546273
1218|SERDANG BEDAGAI|SUMATERA UTARA|Sumut|617772.0|38|30|14|1|6.0|2.0|9|1240|48|4.86|2.27|0.16|0.97|1.46|15|1.0|6.15|36.84|23.68|15|39.47|2020-07-17 12:49:00.000000|2020-07-17 13:36:51.546273
3274|KOTA CIREBON|JAWA BARAT|Jabar|322323.0|32|30|6|1|2.0|0.0|3|0|0|9.31|1.86|0.31|0.62|0.93|23|0.0|9.93|18.75|9.38|23|71.88|2020-07-17 08:34:00.000000|2020-07-17 13:36:51.546273
5206|BIMA|NUSA TENGGARA BARAT|NTB|493198.0|29|29|25|0|0.0|0.0|0|695|19|5.88|5.07|0.0|0.0|0.0|4|1.0|5.88|86.21|0.0|4|13.79|2020-07-16 22:50:00.000000|2020-07-17 13:36:51.546273
2172|KOTA TANJUNGPINANG|KEPULAUAN RIAU|Kepri|213592.0|38|29|24|3|9.0|0.0|12|238|112|13.58|11.24|1.4|4.21|5.62|2|2.0|17.79|63.16|31.58|2|5.26|2020-07-16 15:35:00.000000|2020-07-17 13:36:51.546273
6210|PULANG PISAU|KALIMANTAN TENGAH|Kalteng|127478.0|29|29|16|2|0.0|0.0|2|0|0|22.75|12.55|1.57|0.0|1.57|11|0.0|22.75|55.17|6.9|11|37.93|2020-07-16 09:41:00.000000|2020-07-17 13:36:51.546273
3312|WONOGIRI|JAWA TENGAH|Jateng|961600.0|29|29|15|4|0.0|0.0|4|0|10|3.02|1.56|0.42|0.0|0.42|10|10.0|3.02|51.72|13.79|10|34.48|2020-07-17 12:46:00.000000|2020-07-17 13:36:51.546273
6205|BARITO UTARA|KALIMANTAN TENGAH|Kalteng|131347.0|29|29|10|2|0.0|0.0|2|0|0|22.08|7.61|1.52|0.0|1.52|17|0.0|22.08|34.48|6.9|17|58.62|2020-07-16 09:41:00.000000|2020-07-17 13:36:51.546273
3203|CIANJUR|JAWA BARAT|Jabar|2264332.0|66|29|10|1|20.0|17.0|38|0|0|1.28|0.44|0.04|0.88|1.68|18|56.0|2.91|15.15|57.58|18|27.27|2020-07-17 08:34:00.000000|2020-07-17 13:36:51.546273
1213|LANGKAT|SUMATERA UTARA|Sumut|1048100.0|29|29|4|3|0.0|0.0|3|0|4|2.77|0.38|0.29|0.0|0.29|22|0.0|2.77|13.79|10.34|22|75.86|2020-07-16 00:00:00.000000|2020-07-17 13:36:51.546273
1473|KOTA DUMAI|RIAU|Riau|314165.0|41|28|27|0|13.0|0.0|13|3327|173|8.91|8.59|0.0|4.14|4.14|1|2.0|13.05|65.85|31.71|1|2.44|2020-07-17 07:43:00.000000|2020-07-17 13:36:51.546273
6212|BARITO TIMUR|KALIMANTAN TENGAH|Kalteng|130190.0|28|28|13|1|0.0|0.0|1|0|0|21.51|9.99|0.77|0.0|0.77|14|0.0|21.51|46.43|3.57|14|50.0|2020-07-16 09:41:00.000000|2020-07-17 13:36:51.546273
3205|GARUT|JAWA BARAT|Jabar|2636637.0|28|28|0|0|0.0|0.0|0|2757|84|1.06|0.0|0.0|0.0|0.0|28|0.0|1.06|0.0|0.0|28|100.0|2020-07-17 12:49:00.000000|2020-07-17 13:36:51.546273
7373|KOTA PALOPO|SULAWESI SELATAN|Sulsel|188322.0|27|27|3|1|0.0|0.0|1|167|14|14.34|1.59|0.53|0.0|0.53|23|0.0|14.34|11.11|3.7|23|85.19|2020-07-17 12:53:00.000000|2020-07-17 13:36:51.546273
8107|SERAM BAGIAN TIMUR|MALUKU|Maluku|116214.0|27|27|0|0|0.0|0.0|0|1|3|23.23|0.0|0.0|0.0|0.0|27|0.0|23.23|0.0|0.0|27|100.0|2020-07-16 00:00:00.000000|2020-07-17 13:36:51.546273
6105|SANGGAU|KALIMANTAN BARAT|Kalbar|476175.0|27|27|0|0|0.0|0.0|0|0|15|5.67|0.0|0.0|0.0|0.0|27|0.0|5.67|0.0|0.0|27|100.0|2020-07-17 23:59:00.000000|2020-07-17 13:36:51.546273
3209|CIREBON|JAWA BARAT|Jabar|2209635.0|38|26|10|2|8.0|4.0|14|0|0|1.18|0.45|0.09|0.36|0.63|14|28.0|1.72|26.32|36.84|14|36.84|2020-07-17 08:34:00.000000|2020-07-17 13:36:51.546273
6409|PENAJAM PASER UTARA|KALIMANTAN TIMUR|Kaltim|162516.0|25|25|23|0|0.0|0.0|0|289|35|15.38|14.15|0.0|0.0|0.0|2|0.0|15.38|92.0|0.0|2|8.0|2020-07-16 19:00:00.000000|2020-07-17 13:36:51.546273
3278|KOTA TASIKMALAYA|JAWA BARAT|Jabar|663984.0|32|25|22|2|5.0|2.0|9|0|0|3.77|3.31|0.3|0.75|1.36|1|1.0|4.82|68.75|28.12|1|3.12|2020-07-17 08:34:00.000000|2020-07-17 13:36:51.546273
1311|DHARMASRAYA|SUMATERA BARAT|Sumbar|253483.0|25|25|20|0|0.0|0.0|0|490|39|9.86|7.89|0.0|0.0|0.0|5|1.0|9.86|80.0|0.0|5|20.0|2020-07-16 16:12:00.000000|2020-07-17 13:36:51.546273
9404|NABIRE|PAPUA|Papua|152820.0|25|25|18|0|0.0|0.0|0|16|0|16.36|11.78|0.0|0.0|0.0|7|0.0|16.36|72.0|0.0|7|28.0|2020-07-16 00:00:00.000000|2020-07-17 13:36:51.546273
7174|KOTA KOTAMOBAGU|SULAWESI UTARA|Sulut|130678.0|25|25|16|1|0.0|0.0|1|1|0|19.13|12.24|0.77|0.0|0.77|8|0.0|19.13|64.0|4.0|8|32.0|2020-07-16 21:12:00.000000|2020-07-17 13:36:51.546273
7316|ENREKANG|SULAWESI SELATAN|Sulsel|207800.0|30|25|15|2|5.0|0.0|7|270|20|12.03|7.22|0.96|2.41|3.37|8|0.0|14.44|50.0|23.33|8|26.67|2020-07-17 12:53:00.000000|2020-07-17 13:36:51.546273
9105|MANOKWARI|PAPUA BARAT|PapuaBarat|179382.0|26|25|11|0|1.0|0.0|1|255|14|13.94|6.13|0.0|0.56|0.56|14|5.0|14.49|42.31|3.85|14|53.85|2020-07-12 21:00:00.000000|2020-07-17 13:36:51.546273
7105|MINAHASA SELATAN|SULAWESI UTARA|Sulut|212087.0|25|25|9|7|0.0|0.0|7|38|13|11.79|4.24|3.3|0.0|3.3|9|0.0|11.79|36.0|28.0|9|36.0|2020-07-16 21:12:00.000000|2020-07-17 13:36:51.546273
3401|KULON PROGO|DAERAH ISTIMEWA YOGYAKARTA|DIY|434485.0|26|24|16|0|2.0|0.0|2|1881|92|5.52|3.68|0.0|0.46|0.46|8|6.0|5.98|61.54|7.69|8|30.77|2020-07-16 17:00:00.000000|2020-07-17 13:36:51.546273
7311|BONE|SULAWESI SELATAN|Sulsel|762075.0|24|24|6|4|0.0|0.0|4|312|21|3.15|0.79|0.52|0.0|0.52|14|0.0|3.15|25.0|16.67|14|58.33|2020-07-17 12:53:00.000000|2020-07-17 13:36:51.546273
8201|HALMAHERA BARAT|MALUKU UTARA|MalukuUtara|116078.0|24|24|0|0|0.0|0.0|0|0|5|20.68|0.0|0.0|0.0|0.0|24|0.0|20.68|0.0|0.0|24|100.0|2020-07-13 19:45:00.000000|2020-07-17 13:36:51.546273
1613|MUSI RAWAS UTARA|SUMATERA SELATAN|Sumsel|192199.0|27|23|22|1|4.0|0.0|5|58|9|11.97|11.45|0.52|2.08|2.6|0|2.0|14.05|81.48|18.52|0|0.0|2020-07-16 21:00:00.000000|2020-07-17 13:36:51.546273
7402|MUNA|SULAWESI TENGGARA|Sultra|227289.0|23|23|20|0|0.0|0.0|0|0|0|10.12|8.8|0.0|0.0|0.0|3|0.0|10.12|86.96|0.0|3|13.04|2020-07-15 17:00:00.000000|2020-07-17 13:36:51.546273
3602|LEBAK|BANTEN|Banten|1308405.0|37|23|17|1|14.0|0.0|15|604|58|1.76|1.3|0.08|1.07|1.15|5|5.0|2.83|45.95|40.54|5|13.51|2020-07-16 17:00:00.000000|2020-07-17 13:36:51.546273
7301|KEPULAUAN SELAYAR|SULAWESI SELATAN|Sulsel|136870.0|23|23|9|3|0.0|0.0|3|77|7|16.8|6.58|2.19|0.0|2.19|11|0.0|16.8|39.13|13.04|11|47.83|2020-07-17 12:53:00.000000|2020-07-17 13:36:51.546273
3318|PATI|JAWA TENGAH|Jateng|1265684.0|49|23|0|0|26.0|0.0|26|1041|7|1.82|0.0|0.0|2.05|2.05|23|4.0|3.87|0.0|53.06|23|46.94|2020-07-17 07:00:00.000000|2020-07-17 13:36:51.546273
1903|BANGKA BARAT|KEPULAUAN BANGKA BELITUNG|Babel|217332.0|22|22|22|0|0.0|0.0|0|60|6|10.12|10.12|0.0|0.0|0.0|0|0.0|10.12|100.0|0.0|0|0.0|2020-07-17 12:47:00.000000|2020-07-17 13:36:51.546273
1306|PADANG PARIAMAN|SUMATERA BARAT|Sumbar|417782.0|22|22|21|1|0.0|0.0|1|124|89|5.27|5.03|0.24|0.0|0.24|0|4.0|5.27|95.45|4.55|0|0.0|2020-07-16 15:57:00.000000|2020-07-17 13:36:51.546273
3577|KOTA MADIUN|JAWA TIMUR|Jatim|177400.0|24|22|8|0|0.0|2.0|2|83|31|12.4|4.51|0.0|0.0|1.13|14|0.0|13.53|33.33|8.33|14|58.33|2020-07-16 19:01:00.000000|2020-07-17 13:36:51.546273
8104|BURU|MALUKU|Maluku|147797.0|22|22|0|0|0.0|0.0|0|0|0|14.89|0.0|0.0|0.0|0.0|22|0.0|14.89|0.0|0.0|22|100.0|2020-07-16 00:00:00.000000|2020-07-17 13:36:51.546273
1376|KOTA PAYAKUMBUH|SUMATERA BARAT|Sumbar|137486.0|21|21|20|0|0.0|0.0|0|223|34|15.27|14.55|0.0|0.0|0.0|1|0.0|15.27|95.24|0.0|1|4.76|2020-07-16 15:52:00.000000|2020-07-17 13:36:51.546273
1307|AGAM|SUMATERA BARAT|Sumbar|494615.0|21|21|19|0|0.0|0.0|0|785|85|4.25|3.84|0.0|0.0|0.0|2|1.0|4.25|90.48|0.0|2|9.52|2020-07-16 15:59:00.000000|2020-07-17 13:36:51.546273
3218|PANGANDARAN|JAWA BARAT|Jabar|401493.0|28|21|17|0|7.0|0.0|7|0|0|5.23|4.23|0.0|1.74|1.74|4|2.0|6.97|60.71|25.0|4|14.29|2020-07-17 08:34:00.000000|2020-07-17 13:36:51.546273
7404|KOLAKA|SULAWESI TENGGARA|Sultra|266069.0|21|21|11|1|0.0|0.0|1|10|0|7.89|4.13|0.38|0.0|0.38|9|0.0|7.89|52.38|4.76|9|42.86|2020-07-15 17:00:00.000000|2020-07-17 13:36:51.546273
1502|MERANGIN|JAMBI|Jambi|394173.0|21|21|5|0|0.0|0.0|0|72|28|5.33|1.27|0.0|0.0|0.0|16|0.0|5.33|23.81|0.0|16|76.19|2020-07-17 12:48:00.000000|2020-07-17 13:36:51.546273
1408|BENGKALIS|RIAU|Riau|579429.0|38|20|18|1|18.0|0.0|19|7693|176|3.45|3.11|0.17|3.11|3.28|1|2.0|6.56|47.37|50.0|1|2.63|2020-07-17 07:43:00.000000|2020-07-17 13:36:51.546273
1803|LAMPUNG SELATAN|LAMPUNG|Lampung|1019792.0|24|20|15|1|3.0|1.0|5|461|0|1.96|1.47|0.1|0.29|0.49|4|0.0|2.35|62.5|20.83|4|16.67|2020-07-17 12:47:00.000000|2020-07-17 13:36:51.546273
1572|KOTA SUNGAI PENUH|JAMBI|Jambi|91739.0|20|20|1|0|0.0|0.0|0|76|11|21.8|1.09|0.0|0.0|0.0|19|0.0|21.8|5.0|0.0|19|95.0|2020-07-17 12:48:00.000000|2020-07-17 13:36:51.546273
8203|KEPULAUAN SULA|MALUKU UTARA|MalukuUtara|104973.0|20|20|0|0|0.0|0.0|0|10|4|19.05|0.0|0.0|0.0|0.0|20|0.0|19.05|0.0|0.0|20|100.0|2020-07-13 19:45:00.000000|2020-07-17 13:36:51.546273
8102|MALUKU TENGGARA|MALUKU|Maluku|100175.0|20|20|0|0|0.0|0.0|0|0|0|19.97|0.0|0.0|0.0|0.0|20|0.0|19.97|0.0|0.0|20|100.0|2020-07-16 00:00:00.000000|2020-07-17 13:36:51.546273
9108|RAJA AMPAT|PAPUA BARAT|PapuaBarat|49081.0|20|19|19|0|1.0|0.0|1|205|9|38.71|38.71|0.0|2.04|2.04|0|0.0|40.75|95.0|5.0|0|0.0|2020-07-12 21:00:00.000000|2020-07-17 13:36:51.546273
1302|PESISIR SELATAN|SUMATERA BARAT|Sumbar|467063.0|18|18|17|1|0.0|0.0|1|366|108|3.85|3.64|0.21|0.0|0.21|0|1.0|3.85|94.44|5.56|0|0.0|2020-07-16 16:06:00.000000|2020-07-17 13:36:51.546273
1375|KOTA BUKITTINGGI|SUMATERA BARAT|Sumbar|132723.0|18|18|17|1|0.0|0.0|1|229|33|13.56|12.81|0.75|0.0|0.75|0|0.0|13.56|94.44|5.56|0|0.0|2020-07-16 15:50:00.000000|2020-07-17 13:36:51.546273
6207|LAMANDAU|KALIMANTAN TENGAH|Kalteng|84922.0|18|18|17|1|0.0|0.0|1|0|0|21.2|20.02|1.18|0.0|1.18|0|0.0|21.2|94.44|5.56|0|0.0|2020-07-16 09:41:00.000000|2020-07-17 13:36:51.546273
1604|LAHAT|SUMATERA SELATAN|Sumsel|413205.0|24|18|16|0|6.0|0.0|6|111|13|4.36|3.87|0.0|1.45|1.45|2|0.0|5.81|66.67|25.0|2|8.33|2020-07-16 21:00:00.000000|2020-07-17 13:36:51.546273
9401|MERAUKE|PAPUA|Papua|228679.0|18|18|16|0|0.0|0.0|0|20|0|7.87|7.0|0.0|0.0|0.0|2|0.0|7.87|88.89|0.0|2|11.11|2020-07-16 00:00:00.000000|2020-07-17 13:36:51.546273
3207|CIAMIS|JAWA BARAT|Jabar|1201684.0|20|18|15|1|1.0|1.0|3|0|0|1.5|1.25|0.08|0.08|0.25|2|4.0|1.66|75.0|15.0|2|10.0|2020-07-17 08:34:00.000000|2020-07-17 13:36:51.546273
7206|TOLI-TOLI|SULAWESI TENGAH|Sulteng|238067.0|18|18|13|0|0.0|0.0|0|84|3|7.56|5.46|0.0|0.0|0.0|5|0.0|7.56|72.22|0.0|5|27.78|2020-07-16 06:07:00.000000|2020-07-17 13:36:51.546273
3572|KOTA BLITAR|JAWA TIMUR|Jatim|142798.0|23|18|8|2|3.0|2.0|7|219|11|12.61|5.6|1.4|2.1|4.9|8|2.0|16.11|34.78|30.43|8|34.78|2020-07-16 19:03:00.000000|2020-07-17 13:36:51.546273
7202|BANGGAI|SULAWESI TENGAH|Sulteng|382276.0|18|18|7|0|0.0|0.0|0|4|3|4.71|1.83|0.0|0.0|0.0|11|0.0|4.71|38.89|0.0|11|61.11|2020-07-16 06:07:00.000000|2020-07-17 13:36:51.546273
9413|BOVEN DIGOEL|PAPUA|Papua|72123.0|17|17|17|0|0.0|0.0|0|28|0|23.57|23.57|0.0|0.0|0.0|0|0.0|23.57|100.0|0.0|0|0.0|2020-07-16 00:00:00.000000|2020-07-17 13:36:51.546273
6474|KOTA BONTANG|KALIMANTAN TIMUR|Kaltim|181182.0|17|17|15|1|0.0|0.0|1|130|17|9.38|8.28|0.55|0.0|0.55|1|5.0|9.38|88.24|5.88|1|5.88|2020-07-16 19:00:00.000000|2020-07-17 13:36:51.546273
1902|BELITUNG|KEPULAUAN BANGKA BELITUNG|Babel|193492.0|17|17|15|0|0.0|0.0|0|237|47|8.79|7.75|0.0|0.0|0.0|2|18.0|8.79|88.24|0.0|2|11.76|2020-07-17 12:47:00.000000|2020-07-17 13:36:51.546273
3375|KOTA PEKALONGAN|JAWA TENGAH|Jateng|309617.0|18|17|12|1|1.0|0.0|2|223|6|5.49|3.88|0.32|0.32|0.65|4|0.0|5.81|66.67|11.11|4|22.22|2020-07-16 15:11:00.000000|2020-07-17 13:36:51.546273
1904|BANGKA TENGAH|KEPULAUAN BANGKA BELITUNG|Babel|200015.0|16|16|14|0|0.0|0.0|0|129|16|8.0|7.0|0.0|0.0|0.0|2|4.0|8.0|87.5|0.0|2|12.5|2020-07-17 12:47:00.000000|2020-07-17 13:36:51.546273
1609|OGAN KOMERING ULU TIMUR|SUMATERA SELATAN|Sumsel|683335.0|19|16|12|2|3.0|0.0|5|392|21|2.34|1.76|0.29|0.44|0.73|2|1.0|2.78|63.16|26.32|2|10.53|2020-07-16 21:00:00.000000|2020-07-17 13:36:51.546273
3211|SUMEDANG|JAWA BARAT|Jabar|1154426.0|17|16|12|0|1.0|0.0|1|0|0|1.39|1.04|0.0|0.09|0.09|4|18.0|1.47|70.59|5.88|4|23.53|2020-07-17 08:34:00.000000|2020-07-17 13:36:51.546273
7403|KONAWE|SULAWESI TENGGARA|Sultra|260411.0|16|16|12|0|0.0|0.0|0|1|1|6.14|4.61|0.0|0.0|0.0|4|0.0|6.14|75.0|0.0|4|25.0|2020-07-15 17:00:00.000000|2020-07-17 13:36:51.546273
3601|PANDEGLANG|BANTEN|Banten|1214006.0|38|16|9|1|11.0|11.0|23|977|36|1.32|0.74|0.08|0.91|1.89|6|0.0|3.13|23.68|60.53|6|15.79|2020-07-17 12:48:00.000000|2020-07-17 13:36:51.546273
7204|POSO|SULAWESI TENGAH|Sulteng|261618.0|15|15|14|0|0.0|0.0|0|13|3|5.73|5.35|0.0|0.0|0.0|1|0.0|5.73|93.33|0.0|1|6.67|2020-07-16 06:07:00.000000|2020-07-17 13:36:51.546273
1406|KAMPAR|RIAU|Riau|890215.0|47|15|13|1|32.0|0.0|33|6758|279|1.68|1.46|0.11|3.59|3.71|1|8.0|5.28|27.66|70.21|1|2.13|2020-07-17 07:43:00.000000|2020-07-17 13:36:51.546273
7212|MOROWALI UTARA|SULAWESI TENGAH|Sulteng|131020.0|15|15|13|1|0.0|0.0|1|0|3|11.45|9.92|0.76|0.0|0.76|1|0.0|11.45|86.67|6.67|1|6.67|2020-07-16 06:07:00.000000|2020-07-17 13:36:51.546273
5207|SUMBAWA BARAT|NUSA TENGGARA BARAT|NTB|152437.0|15|15|12|1|0.0|0.0|1|148|10|9.84|7.87|0.66|0.0|0.66|2|0.0|9.84|80.0|6.67|2|13.33|2020-07-16 22:50:00.000000|2020-07-17 13:36:51.546273
1308|LIMA PULUH KOTA|SUMATERA BARAT|Sumbar|385988.0|15|15|12|0|0.0|0.0|0|337|90|3.89|3.11|0.0|0.0|0.0|3|4.0|3.89|80.0|0.0|3|20.0|2020-07-16 16:00:00.000000|2020-07-17 13:36:51.546273
7503|POHUWATO|GORONTALO|Gorontalo|164963.0|15|15|11|0|0.0|0.0|0|804|10|9.09|6.67|0.0|0.0|0.0|4|1.0|9.09|73.33|0.0|4|26.67|2020-07-16 19:00:00.000000|2020-07-17 13:36:51.546273
9408|KEPULAUAN YAPEN|PAPUA|Papua|103314.0|15|15|11|0|0.0|0.0|0|178|0|14.52|10.65|0.0|0.0|0.0|4|0.0|14.52|73.33|0.0|4|26.67|2020-07-16 00:00:00.000000|2020-07-17 13:36:51.546273
1806|LAMPUNG UTARA|LAMPUNG|Lampung|618819.0|22|15|9|1|5.0|2.0|8|135|0|2.42|1.45|0.16|0.81|1.29|5|0.0|3.56|40.91|36.36|5|22.73|2020-07-17 12:47:00.000000|2020-07-17 13:36:51.546273
6101|SAMBAS|KALIMANTAN BARAT|Kalbar|538406.0|15|15|0|0|0.0|0.0|0|0|49|2.79|0.0|0.0|0.0|0.0|15|0.0|2.79|0.0|0.0|15|100.0|2020-07-17 23:59:00.000000|2020-07-17 13:36:51.546273
8172|KOTA TUAL|MALUKU|Maluku|77622.0|15|15|0|0|0.0|0.0|0|0|0|19.32|0.0|0.0|0.0|0.0|15|0.0|19.32|0.0|0.0|15|100.0|2020-07-16 00:00:00.000000|2020-07-17 13:36:51.546273
7411|KOLAKA TIMUR|SULAWESI TENGGARA|Sultra|135569.0|14|14|14|0|0.0|0.0|0|0|0|10.33|10.33|0.0|0.0|0.0|0|0.0|10.33|100.0|0.0|0|0.0|2020-07-15 17:00:00.000000|2020-07-17 13:36:51.546273
7203|MOROWALI|SULAWESI TENGAH|Sulteng|123378.0|14|14|12|2|0.0|0.0|2|0|2|11.35|9.73|1.62|0.0|1.62|0|0.0|11.35|85.71|14.29|0|0.0|2020-07-16 06:07:00.000000|2020-07-17 13:36:51.546273
1305|TANAH DATAR|SUMATERA BARAT|Sumbar|348893.0|14|14|10|1|0.0|0.0|1|457|76|4.01|2.87|0.29|0.0|0.29|3|2.0|4.01|71.43|7.14|3|21.43|2020-07-16 16:04:00.000000|2020-07-17 13:36:51.546273
7313|WAJO|SULAWESI SELATAN|Sulsel|398783.0|14|14|8|3|0.0|0.0|3|65|25|3.51|2.01|0.75|0.0|0.75|3|0.0|3.51|57.14|21.43|3|21.43|2020-07-17 12:53:00.000000|2020-07-17 13:36:51.546273
7322|LUWU UTARA|SULAWESI SELATAN|Sulsel|315202.0|14|14|1|0|0.0|0.0|0|272|38|4.44|0.32|0.0|0.0|0.0|13|0.0|4.44|7.14|0.0|13|92.86|2020-07-17 12:53:00.000000|2020-07-17 13:36:51.546273
1274|KOTA TEBING TINGGI|SUMATERA UTARA|Sumut|166099.0|13|13|4|0|0.0|0.0|0|0|1|7.83|2.41|0.0|0.0|0.0|9|0.0|7.83|30.77|0.0|9|69.23|2020-07-16 00:00:00.000000|2020-07-17 13:36:51.546273
1410|KEPULAUAN MERANTI|RIAU|Riau|186630.0|13|12|12|0|1.0|0.0|1|9620|32|6.43|6.43|0.0|0.54|0.54|0|2.0|6.97|92.31|7.69|0|0.0|2020-07-17 07:43:00.000000|2020-07-17 13:36:51.546273
7407|WAKATOBI|SULAWESI TENGGARA|Sultra|96111.0|12|12|11|0|0.0|0.0|0|0|0|12.49|11.45|0.0|0.0|0.0|1|0.0|12.49|91.67|0.0|1|8.33|2020-07-15 17:00:00.000000|2020-07-17 13:36:51.546273
1303|SOLOK|SUMATERA BARAT|Sumbar|375722.0|12|12|6|3|0.0|0.0|3|326|109|3.19|1.6|0.8|0.0|0.8|3|3.0|3.19|50.0|25.0|3|25.0|2020-07-16 16:02:00.000000|2020-07-17 13:36:51.546273
1505|MUARO JAMBI|JAMBI|Jambi|454524.0|12|12|0|0|0.0|0.0|0|400|28|2.64|0.0|0.0|0.0|0.0|12|0.0|2.64|0.0|0.0|12|100.0|2020-07-17 12:48:00.000000|2020-07-17 13:36:51.546273
6172|KOTA SINGKAWANG|KALIMANTAN BARAT|Kalbar|226475.0|12|12|0|0|0.0|0.0|0|0|27|5.3|0.0|0.0|0.0|0.0|12|0.0|5.3|0.0|0.0|12|100.0|2020-07-17 23:59:00.000000|2020-07-17 13:36:51.546273
1401|KUANTAN SINGINGI|RIAU|Riau|330079.0|21|11|10|0|10.0|0.0|10|8058|63|3.33|3.03|0.0|3.03|3.03|1|2.0|6.36|47.62|47.62|1|4.76|2020-07-17 07:43:00.000000|2020-07-17 13:36:51.546273
1304|SIJUNJUNG|SUMATERA BARAT|Sumbar|240917.0|11|11|10|0|0.0|0.0|0|261|38|4.57|4.15|0.0|0.0|0.0|1|1.0|4.57|90.91|0.0|1|9.09|2020-07-16 16:05:00.000000|2020-07-17 13:36:51.546273
7501|BOALEMO|GORONTALO|Gorontalo|171376.0|11|11|9|1|0.0|0.0|1|148|32|6.42|5.25|0.58|0.0|0.58|1|3.0|6.42|81.82|9.09|1|9.09|2020-07-16 19:00:00.000000|2020-07-17 13:36:51.546273
5272|KOTA BIMA|NUSA TENGGARA BARAT|NTB|176432.0|11|11|8|0|0.0|0.0|0|160|13|6.23|4.53|0.0|0.0|0.0|3|3.0|6.23|72.73|0.0|3|27.27|2020-07-16 22:50:00.000000|2020-07-17 13:36:51.546273
7317|LUWU|SULAWESI SELATAN|Sulsel|364683.0|11|11|4|0|0.0|0.0|0|228|2|3.02|1.1|0.0|0.0|0.0|7|0.0|3.02|36.36|0.0|7|63.64|2020-07-17 12:53:00.000000|2020-07-17 13:36:51.546273
1504|BATANG HARI|JAMBI|Jambi|275503.0|11|11|0|0|0.0|0.0|0|342|8|3.99|0.0|0.0|0.0|0.0|11|0.0|3.99|0.0|0.0|11|100.0|2020-07-17 12:48:00.000000|2020-07-17 13:36:51.546273
7405|KONAWE SELATAN|SULAWESI TENGGARA|Sultra|319293.0|10|10|9|0|0.0|0.0|0|1|0|3.13|2.82|0.0|0.0|0.0|1|0.0|3.13|90.0|0.0|1|10.0|2020-07-15 17:00:00.000000|2020-07-17 13:36:51.546273
7109|MINAHASA TENGGARA|SULAWESI UTARA|Sulut|107180.0|10|10|7|2|0.0|0.0|2|0|7|9.33|6.53|1.87|0.0|1.87|1|0.0|9.33|70.0|20.0|1|10.0|2020-07-16 21:12:00.000000|2020-07-17 13:36:51.546273
1114|ACEH TAMIANG|ACEH|Aceh|298586.0|10|10|6|0|0.0|0.0|0|98|7|3.35|2.01|0.0|0.0|0.0|4|0.0|3.35|60.0|0.0|4|40.0|2020-07-16 15:00:00.000000|2020-07-17 13:36:51.546273
7601|MAJENE|SULAWESI BARAT|Sulbar|176394.0|11|10|5|0|1.0|0.0|1|202|14|5.67|2.83|0.0|0.57|0.57|5|0.0|6.24|45.45|9.09|5|45.45|2020-07-15 18:03:00.000000|2020-07-17 13:36:51.546273
1507|TANJUNG JABUNG BARAT|JAMBI|Jambi|339285.0|10|10|0|0|0.0|0.0|0|27|13|2.95|0.0|0.0|0.0|0.0|10|0.0|2.95|0.0|0.0|10|100.0|2020-07-17 12:48:00.000000|2020-07-17 13:36:51.546273
6104|MEMPAWAH|KALIMANTAN BARAT|Kalbar|267121.0|10|10|0|0|0.0|0.0|0|0|33|3.74|0.0|0.0|0.0|0.0|10|0.0|3.74|0.0|0.0|10|100.0|2020-07-17 23:59:00.000000|2020-07-17 13:36:51.546273
1271|KOTA SIBOLGA|SUMATERA UTARA|Sumut|87790.0|10|10|0|0|0.0|0.0|0|0|0|11.39|0.0|0.0|0.0|0.0|10|0.0|11.39|0.0|0.0|10|100.0|2020-07-16 00:00:00.000000|2020-07-17 13:36:51.546273
1404|PELALAWAN|RIAU|Riau|507073.0|21|9|9|0|12.0|0.0|12|3683|115|1.77|1.77|0.0|2.37|2.37|0|1.0|4.14|42.86|57.14|0|0.0|2020-07-17 07:43:00.000000|2020-07-17 13:36:51.546273
1703|BENGKULU UTARA|BENGKULU|Bengkulu|315495.0|9|9|9|0|0.0|0.0|0|118|7|2.85|2.85|0.0|0.0|0.0|0|7.0|2.85|100.0|0.0|0|0.0|2020-06-09 00:00:00.000000|2020-07-17 13:36:51.546273
1905|BANGKA SELATAN|KEPULAUAN BANGKA BELITUNG|Babel|213967.0|9|9|8|1|0.0|0.0|1|169|8|4.21|3.74|0.47|0.0|0.47|0|0.0|4.21|88.89|11.11|0|0.0|2020-07-17 12:47:00.000000|2020-07-17 13:36:51.546273
1111|ACEH UTARA|ACEH|Aceh|627261.0|10|9|8|0|1.0|0.0|1|144|4|1.43|1.28|0.0|0.16|0.16|1|0.0|1.59|80.0|10.0|1|10.0|2020-07-16 15:00:00.000000|2020-07-17 13:36:51.546273
1310|SOLOK SELATAN|SUMATERA BARAT|Sumbar|173785.0|9|9|8|0|0.0|0.0|0|165|41|5.18|4.6|0.0|0.0|0.0|1|1.0|5.18|88.89|0.0|1|11.11|2020-07-16 16:13:00.000000|2020-07-17 13:36:51.546273
3206|TASIKMALAYA|JAWA BARAT|Jabar|1755714.0|9|9|5|0|0.0|0.0|0|1569|100|0.51|0.28|0.0|0.0|0.0|4|0.0|0.51|55.56|0.0|4|44.44|2020-07-17 12:49:00.000000|2020-07-17 13:36:51.546273
6109|SEKADAU|KALIMANTAN BARAT|Kalbar|203516.0|9|9|0|0|0.0|0.0|0|0|6|4.42|0.0|0.0|0.0|0.0|9|0.0|4.42|0.0|0.0|9|100.0|2020-07-17 23:59:00.000000|2020-07-17 13:36:51.546273
1809|PESAWARAN|LAMPUNG|Lampung|448410.0|14|8|8|0|4.0|2.0|6|82|0|1.78|1.78|0.0|0.89|1.34|0|0.0|3.12|57.14|42.86|0|0.0|2020-07-17 12:47:00.000000|2020-07-17 13:36:51.546273
1301|KEPULAUAN MENTAWAI|SUMATERA BARAT|Sumbar|93576.0|8|8|8|0|0.0|0.0|0|29|8|8.55|8.55|0.0|0.0|0.0|0|0.0|8.55|100.0|0.0|0|0.0|2020-07-16 16:07:00.000000|2020-07-17 13:36:51.546273
1701|BENGKULU SELATAN|BENGKULU|Bengkulu|159682.0|8|8|8|0|0.0|0.0|0|29|4|5.01|5.01|0.0|0.0|0.0|0|4.0|5.01|100.0|0.0|0|0.0|2020-06-09 00:00:00.000000|2020-07-17 13:36:51.546273
2102|BINTAN|KEPULAUAN RIAU|Kepri|160922.0|14|8|7|1|6.0|0.0|7|152|42|4.97|4.35|0.62|3.73|4.35|0|0.0|8.7|50.0|50.0|0|0.0|2020-07-16 15:36:00.000000|2020-07-17 13:36:51.546273
3279|KOTA BANJAR|JAWA BARAT|Jabar|183298.0|30|8|6|1|22.0|0.0|23|0|0|4.36|3.27|0.55|12.0|12.55|1|52.0|16.37|20.0|76.67|1|3.33|2020-07-17 08:34:00.000000|2020-07-17 13:36:51.546273
3210|MAJALENGKA|JAWA BARAT|Jabar|1210709.0|18|8|6|1|10.0|0.0|11|0|0|0.66|0.5|0.08|0.83|0.91|1|9.0|1.49|33.33|61.11|1|5.56|2020-07-17 08:34:00.000000|2020-07-17 13:36:51.546273
7104|KEPULAUAN TALAUD|SULAWESI UTARA|Sulut|93319.0|8|8|6|0|0.0|0.0|0|6|0|8.57|6.43|0.0|0.0|0.0|2|0.0|8.57|75.0|0.0|2|25.0|2020-07-16 21:12:00.000000|2020-07-17 13:36:51.546273
1205|TAPANULI UTARA|SUMATERA UTARA|Sumut|303687.0|8|8|6|0|0.0|0.0|0|0|1|2.63|1.98|0.0|0.0|0.0|2|0.0|2.63|75.0|0.0|2|25.0|2020-07-16 00:00:00.000000|2020-07-17 13:36:51.546273
8106|SERAM BAGIAN BARAT|MALUKU|Maluku|171922.0|8|8|5|1|0.0|0.0|1|23|2|4.65|2.91|0.58|0.0|0.58|2|0.0|4.65|62.5|12.5|2|25.0|2020-07-14 11:48:00.000000|2020-07-17 13:36:51.546273
1708|KEPAHIANG|BENGKULU|Bengkulu|138183.0|8|8|4|1|0.0|0.0|1|116|3|5.79|2.89|0.72|0.0|0.72|3|3.0|5.79|50.0|12.5|3|37.5|2020-06-09 00:00:00.000000|2020-07-17 13:36:51.546273
7326|TORAJA UTARA|SULAWESI SELATAN|Sulsel|232395.0|9|8|2|1|1.0|0.0|2|156|6|3.44|0.86|0.43|0.43|0.86|5|0.0|3.87|22.22|22.22|5|55.56|2020-07-17 12:53:00.000000|2020-07-17 13:36:51.546273
7310|BARRU|SULAWESI SELATAN|Sulsel|174990.0|8|8|2|1|0.0|0.0|1|71|10|4.57|1.14|0.57|0.0|0.57|5|0.0|4.57|25.0|12.5|5|62.5|2020-07-17 12:53:00.000000|2020-07-17 13:36:51.546273
1174|KOTA LHOKSEUMAWE|ACEH|Aceh|211123.0|8|8|1|1|0.0|0.0|1|46|1|3.79|0.47|0.47|0.0|0.47|6|0.0|3.79|12.5|12.5|6|75.0|2020-07-16 15:00:00.000000|2020-07-17 13:36:51.546273
9430|LANNY JAYA|PAPUA|Papua|180305.0|8|8|1|0|0.0|0.0|0|6|0|4.44|0.55|0.0|0.0|0.0|7|0.0|4.44|12.5|0.0|7|87.5|2020-07-16 00:00:00.000000|2020-07-17 13:36:51.546273
5315|MANGGARAI BARAT|NUSA TENGGARA TIMUR|NTT|280412.0|8|8|0|0|0.0|0.0|0|3|1|2.85|0.0|0.0|0.0|0.0|8|0.0|2.85|0.0|0.0|8|100.0|2020-07-17 12:49:00.000000|2020-07-17 13:36:51.546273
7605|PASANGKAYU|SULAWESI BARAT|Sulbar|178823.0|8|7|7|0|1.0|0.0|1|346|12|3.91|3.91|0.0|0.56|0.56|0|0.0|4.47|87.5|12.5|0|0.0|2020-07-15 18:03:00.000000|2020-07-17 13:36:51.546273
9103|TELUK WONDAMA|PAPUA BARAT|PapuaBarat|33235.0|7|7|7|0|0.0|0.0|0|21|14|21.06|21.06|0.0|0.0|0.0|0|7.0|21.06|100.0|0.0|0|0.0|2020-07-12 21:00:00.000000|2020-07-17 13:36:51.546273
6208|SERUYAN|KALIMANTAN TENGAH|Kalteng|214066.0|7|7|7|0|0.0|0.0|0|0|0|3.27|3.27|0.0|0.0|0.0|0|0.0|3.27|100.0|0.0|0|0.0|2020-07-16 09:41:00.000000|2020-07-17 13:36:51.546273
9101|FAKFAK|PAPUA BARAT|PapuaBarat|79868.0|7|7|4|0|0.0|0.0|0|330|0|8.76|5.01|0.0|0.0|0.0|3|0.0|8.76|57.14|0.0|3|42.86|2020-07-12 21:00:00.000000|2020-07-17 13:36:51.546273
6503|TANA TIDUNG|KALIMANTAN UTARA|Kaltara|30896.0|7|7|4|0|0.0|0.0|0|7|0|22.66|12.95|0.0|0.0|0.0|3|0.0|22.66|57.14|0.0|3|42.86|2020-07-16 21:00:00.000000|2020-07-17 13:36:51.546273
9419|SARMI|PAPUA|Papua|41278.0|7|7|4|0|0.0|0.0|0|4|0|16.96|9.69|0.0|0.0|0.0|3|0.0|16.96|57.14|0.0|3|42.86|2020-07-16 00:00:00.000000|2020-07-17 13:36:51.546273
7101|BOLAANG MONGONDOW|SULAWESI UTARA|Sulut|251200.0|7|7|3|1|0.0|0.0|1|5|2|2.79|1.19|0.4|0.0|0.4|3|0.0|2.79|42.86|14.29|3|42.86|2020-07-16 21:12:00.000000|2020-07-17 13:36:51.546273
9427|SUPIORI|PAPUA|Papua|21188.0|7|7|3|0|0.0|0.0|0|6|0|33.04|14.16|0.0|0.0|0.0|4|0.0|33.04|42.86|0.0|4|57.14|2020-07-16 00:00:00.000000|2020-07-17 13:36:51.546273
7103|KEPULAUAN SANGIHE|SULAWESI UTARA|Sulut|131388.0|7|7|2|0|0.0|0.0|0|2|0|5.33|1.52|0.0|0.0|0.0|5|0.0|5.33|28.57|0.0|5|71.43|2020-07-16 21:12:00.000000|2020-07-17 13:36:51.546273
1673|KOTA PAGAR ALAM|SUMATERA SELATAN|Sumsel|140402.0|7|7|1|1|0.0|0.0|1|84|3|4.99|0.71|0.71|0.0|0.71|5|0.0|4.99|14.29|14.29|5|71.43|2020-07-16 21:00:00.000000|2020-07-17 13:36:51.546273
1272|KOTA TANJUNG BALAI|SUMATERA UTARA|Sumut|177005.0|7|7|0|2|0.0|0.0|2|0|0|3.95|0.0|1.13|0.0|1.13|5|0.0|3.95|0.0|28.57|5|71.43|2020-07-16 00:00:00.000000|2020-07-17 13:36:51.546273
1110|BIREUEN|ACEH|Aceh|480320.0|7|7|0|0|0.0|0.0|0|142|1|1.46|0.0|0.0|0.0|0.0|7|0.0|1.46|0.0|0.0|7|100.0|2020-07-16 15:00:00.000000|2020-07-17 13:36:51.546273
8202|HALMAHERA TENGAH|MALUKU UTARA|MalukuUtara|57101.0|7|7|0|0|0.0|0.0|0|2|5|12.26|0.0|0.0|0.0|0.0|7|0.0|12.26|0.0|0.0|7|100.0|2020-07-13 19:45:00.000000|2020-07-17 13:36:51.546273
2101|KARIMUN|KEPULAUAN RIAU|Kepri|234419.0|9|6|6|0|3.0|0.0|3|284|51|2.56|2.56|0.0|1.28|1.28|0|0.0|3.84|66.67|33.33|0|0.0|2020-07-16 15:37:00.000000|2020-07-17 13:36:51.546273
1807|WAY KANAN|LAMPUNG|Lampung|453920.0|6|6|6|0|0.0|0.0|0|180|0|1.32|1.32|0.0|0.0|0.0|0|0.0|1.32|100.0|0.0|0|0.0|2020-07-17 12:47:00.000000|2020-07-17 13:36:51.546273
1872|KOTA METRO|LAMPUNG|Lampung|169507.0|7|6|5|0|1.0|0.0|1|91|0|3.54|2.95|0.0|0.59|0.59|1|0.0|4.13|71.43|14.29|1|14.29|2020-07-17 12:47:00.000000|2020-07-17 13:36:51.546273
1405|SIAK|RIAU|Riau|502201.0|16|6|4|0|10.0|0.0|10|5204|111|1.19|0.8|0.0|1.99|1.99|2|4.0|3.19|25.0|62.5|2|12.5|2020-07-17 07:43:00.000000|2020-07-17 13:36:51.546273
1277|KOTA PADANGSIDIMPUAN|SUMATERA UTARA|Sumut|224481.0|6|6|3|1|0.0|0.0|1|0|2|2.67|1.34|0.45|0.0|0.45|2|0.0|2.67|50.0|16.67|2|33.33|2020-07-16 00:00:00.000000|2020-07-17 13:36:51.546273
7603|MAMASA|SULAWESI BARAT|Sulbar|163885.0|7|6|1|0|0.0|1.0|1|395|1|3.66|0.61|0.0|0.0|0.61|5|0.0|4.27|14.29|14.29|5|71.43|2020-07-15 18:03:00.000000|2020-07-17 13:36:51.546273
5310|SIKKA|NUSA TENGGARA TIMUR|NTT|321789.0|6|6|0|0|0.0|0.0|0|2|1|1.86|0.0|0.0|0.0|0.0|6|0.0|1.86|0.0|0.0|6|100.0|2020-07-17 12:49:00.000000|2020-07-17 13:36:51.546273
7108|SIAU TAGULANDANG BIARO|SULAWESI UTARA|Sulut|66489.0|6|6|0|0|0.0|0.0|0|1|0|9.02|0.0|0.0|0.0|0.0|6|0.0|9.02|0.0|0.0|6|100.0|2020-07-16 21:12:00.000000|2020-07-17 13:36:51.546273
1309|PASAMAN|SUMATERA BARAT|Sumbar|283862.0|5|5|5|0|0.0|0.0|0|207|44|1.76|1.76|0.0|0.0|0.0|0|0.0|1.76|100.0|0.0|0|0.0|2020-07-16 15:56:00.000000|2020-07-17 13:36:51.546273
1372|KOTA SOLOK|SUMATERA BARAT|Sumbar|72106.0|5|5|5|0|0.0|0.0|0|148|10|6.93|6.93|0.0|0.0|0.0|0|0.0|6.93|100.0|0.0|0|0.0|2020-07-16 15:54:00.000000|2020-07-17 13:36:51.546273
7210|SIGI|SULAWESI TENGAH|Sulteng|241567.0|5|5|5|0|0.0|0.0|0|1|1|2.07|2.07|0.0|0.0|0.0|0|0.0|2.07|100.0|0.0|0|0.0|2020-07-16 06:07:00.000000|2020-07-17 13:36:51.546273
1210|DAIRI|SUMATERA UTARA|Sumut|285481.0|5|5|1|0|0.0|0.0|0|0|0|1.75|0.35|0.0|0.0|0.0|4|0.0|1.75|20.0|0.0|4|80.0|2020-07-16 00:00:00.000000|2020-07-17 13:36:51.546273
1207|LABUHAN BATU|SUMATERA UTARA|Sumut|501596.0|5|5|1|0|0.0|0.0|0|0|0|1.0|0.2|0.0|0.0|0.0|4|0.0|1.0|20.0|0.0|4|80.0|2020-07-16 00:00:00.000000|2020-07-17 13:36:51.546273
1204|TAPANULI TENGAH|SUMATERA UTARA|Sumut|382913.0|5|5|0|1|0.0|0.0|1|0|2|1.31|0.0|0.26|0.0|0.26|4|0.0|1.31|0.0|20.0|4|80.0|2020-07-16 00:00:00.000000|2020-07-17 13:36:51.546273
6102|BENGKAYANG|KALIMANTAN BARAT|Kalbar|259382.0|5|5|0|0|0.0|0.0|0|0|27|1.93|0.0|0.0|0.0|0.0|5|0.0|1.93|0.0|0.0|5|100.0|2020-07-17 23:59:00.000000|2020-07-17 13:36:51.546273
8108|MALUKU BARAT DAYA|MALUKU|Maluku|73395.0|5|5|0|0|0.0|0.0|0|0|0|6.81|0.0|0.0|0.0|0.0|5|0.0|6.81|0.0|0.0|5|100.0|2020-07-16 00:00:00.000000|2020-07-17 13:36:51.546273
5301|SUMBA BARAT|NUSA TENGGARA TIMUR|NTT|131599.0|5|5|0|0|0.0|0.0|0|0|0|3.8|0.0|0.0|0.0|0.0|5|0.0|3.8|0.0|0.0|5|100.0|2020-07-17 12:49:00.000000|2020-07-17 13:36:51.546273
1812|TULANG BAWANG BARAT|LAMPUNG|Lampung|274908.0|4|4|4|0|0.0|0.0|0|91|0|1.46|1.46|0.0|0.0|0.0|0|0.0|1.46|100.0|0.0|0|0.0|2020-07-17 12:47:00.000000|2020-07-17 13:36:51.546273
1704|KAUR|BENGKULU|Bengkulu|122501.0|4|4|4|0|0.0|0.0|0|31|2|3.27|3.27|0.0|0.0|0.0|0|2.0|3.27|100.0|0.0|0|0.0|2020-06-09 00:00:00.000000|2020-07-17 13:36:51.546273
7110|BOLAANG MONGONDOW SELATAN|SULAWESI UTARA|Sulut|67006.0|4|4|4|0|0.0|0.0|0|0|2|5.97|5.97|0.0|0.0|0.0|0|0.0|5.97|100.0|0.0|0|0.0|2020-07-16 21:12:00.000000|2020-07-17 13:36:51.546273
3376|KOTA TEGAL|JAWA TENGAH|Jateng|250677.0|15|4|3|1|11.0|0.0|12|270|50|1.6|1.2|0.4|4.39|4.79|0|0.0|5.98|20.0|80.0|0|0.0|2020-07-17 00:00:00.000000|2020-07-17 13:36:51.546273
1402|INDRAGIRI HULU|RIAU|Riau|449530.0|6|4|3|1|2.0|0.0|3|658|35|0.89|0.67|0.22|0.44|0.67|0|0.0|1.33|50.0|50.0|0|0.0|2020-07-17 07:43:00.000000|2020-07-17 13:36:51.546273
1801|LAMPUNG BARAT|LAMPUNG|Lampung|304873.0|5|4|3|1|1.0|0.0|2|85|0|1.31|0.98|0.33|0.33|0.66|0|0.0|1.64|60.0|40.0|0|0.0|2020-07-17 12:47:00.000000|2020-07-17 13:36:51.546273
1407|ROKAN HULU|RIAU|Riau|718320.0|16|4|3|0|12.0|0.0|12|8705|71|0.56|0.42|0.0|1.67|1.67|1|1.0|2.23|18.75|75.0|1|6.25|2020-07-17 07:43:00.000000|2020-07-17 13:36:51.546273
7107|BOLAANG MONGONDOW UTARA|SULAWESI UTARA|Sulut|81330.0|4|4|3|0|0.0|0.0|0|2|0|4.92|3.69|0.0|0.0|0.0|1|0.0|4.92|75.0|0.0|1|25.0|2020-07-16 21:12:00.000000|2020-07-17 13:36:51.546273
7205|DONGGALA|SULAWESI TENGAH|Sulteng|306408.0|4|4|2|0|0.0|0.0|0|0|3|1.31|0.65|0.0|0.0|0.0|2|0.0|1.31|50.0|0.0|2|50.0|2020-07-16 06:07:00.000000|2020-07-17 13:36:51.546273
1509|BUNGO|JAMBI|Jambi|382310.0|4|4|1|0|0.0|0.0|0|269|10|1.05|0.26|0.0|0.0|0.0|3|0.0|1.05|25.0|0.0|3|75.0|2020-07-17 12:48:00.000000|2020-07-17 13:36:51.546273
7410|KONAWE UTARA|SULAWESI TENGGARA|Sultra|65183.0|4|4|1|0|0.0|0.0|0|0|0|6.14|1.53|0.0|0.0|0.0|3|0.0|6.14|25.0|0.0|3|75.0|2020-07-15 17:00:00.000000|2020-07-17 13:36:51.546273
7415|BUTON SELATAN|SULAWESI TENGGARA|Sultra|81752.0|4|4|1|0|0.0|0.0|0|0|0|4.89|1.22|0.0|0.0|0.0|3|0.0|4.89|25.0|0.0|3|75.0|2020-07-15 17:00:00.000000|2020-07-17 13:36:51.546273
1503|SAROLANGUN|JAMBI|Jambi|307585.0|4|4|0|0|0.0|0.0|0|210|10|1.3|0.0|0.0|0.0|0.0|4|0.0|1.3|0.0|0.0|4|100.0|2020-07-17 12:48:00.000000|2020-07-17 13:36:51.546273
9418|TOLIKARA|PAPUA|Papua|140411.0|4|4|0|0|0.0|0.0|0|35|0|2.85|0.0|0.0|0.0|0.0|4|0.0|2.85|0.0|0.0|4|100.0|2020-07-16 00:00:00.000000|2020-07-17 13:36:51.546273
6111|KAYONG UTARA|KALIMANTAN BARAT|Kalbar|114378.0|4|4|0|0|0.0|0.0|0|0|7|3.5|0.0|0.0|0.0|0.0|4|0.0|3.5|0.0|0.0|4|100.0|2020-07-17 23:59:00.000000|2020-07-17 13:36:51.546273
1705|SELUMA|BENGKULU|Bengkulu|195581.0|3|3|3|0|0.0|0.0|0|28|8|1.53|1.53|0.0|0.0|0.0|0|8.0|1.53|100.0|0.0|0|0.0|2020-06-09 00:00:00.000000|2020-07-17 13:36:51.546273
1611|EMPAT LAWANG|SUMATERA SELATAN|Sumsel|253272.0|4|3|2|0|1.0|0.0|1|107|4|1.18|0.79|0.0|0.39|0.39|1|0.0|1.58|50.0|25.0|1|25.0|2020-07-16 21:00:00.000000|2020-07-17 13:36:51.546273
7413|MUNA BARAT|SULAWESI TENGGARA|Sultra|82785.0|3|3|2|0|0.0|0.0|0|0|0|3.62|2.42|0.0|0.0|0.0|1|0.0|3.62|66.67|0.0|1|33.33|2020-07-15 17:00:00.000000|2020-07-17 13:36:51.546273
1608|OGAN KOMERING ULU SELATAN|SUMATERA SELATAN|Sumsel|364982.0|7|3|1|1|4.0|0.0|5|219|12|0.82|0.27|0.27|1.1|1.37|1|1.0|1.92|14.29|71.43|1|14.29|2020-07-16 21:00:00.000000|2020-07-17 13:36:51.546273
1221|PADANG LAWAS|SUMATERA UTARA|Sumut|286626.0|3|3|1|1|0.0|0.0|1|0|0|1.05|0.35|0.35|0.0|0.35|1|0.0|1.05|33.33|33.33|1|33.33|2020-07-16 00:00:00.000000|2020-07-17 13:36:51.546273
1508|TEBO|JAMBI|Jambi|360193.0|3|3|1|0|0.0|0.0|0|242|4|0.83|0.28|0.0|0.0|0.0|2|0.0|0.83|33.33|0.0|2|66.67|2020-07-17 12:48:00.000000|2020-07-17 13:36:51.546273
1103|ACEH SELATAN|ACEH|Aceh|240818.0|3|3|1|0|0.0|0.0|0|27|4|1.25|0.42|0.0|0.0|0.0|2|2.0|1.25|33.33|0.0|2|66.67|2020-07-16 15:00:00.000000|2020-07-17 13:36:51.546273
1203|TAPANULI SELATAN|SUMATERA UTARA|Sumut|283388.0|3|3|1|0|0.0|0.0|0|0|1|1.06|0.35|0.0|0.0|0.0|2|0.0|1.06|33.33|0.0|2|66.67|2020-07-16 00:00:00.000000|2020-07-17 13:36:51.546273
1215|HUMBANG HASUNDUTAN|SUMATERA UTARA|Sumut|191778.0|3|3|1|0|0.0|0.0|0|0|0|1.56|0.52|0.0|0.0|0.0|2|0.0|1.56|33.33|0.0|2|66.67|2020-07-16 00:00:00.000000|2020-07-17 13:36:51.546273
5302|SUMBA TIMUR|NUSA TENGGARA TIMUR|NTT|261505.0|3|3|0|0|0.0|0.0|0|19|0|1.15|0.0|0.0|0.0|0.0|3|0.0|1.15|0.0|0.0|3|100.0|2020-07-17 12:49:00.000000|2020-07-17 13:36:51.546273
6108|KAPUAS HULU|KALIMANTAN BARAT|Kalbar|267320.0|3|3|0|0|0.0|0.0|0|0|11|1.12|0.0|0.0|0.0|0.0|3|0.0|1.12|0.0|0.0|3|100.0|2020-07-17 23:59:00.000000|2020-07-17 13:36:51.546273
1222|LABUHAN BATU SELATAN|SUMATERA UTARA|Sumut|344819.0|3|3|0|0|0.0|0.0|0|0|1|0.87|0.0|0.0|0.0|0.0|3|0.0|0.87|0.0|0.0|3|100.0|2020-07-16 00:00:00.000000|2020-07-17 13:36:51.546273
1810|PRINGSEWU|LAMPUNG|Lampung|403113.0|5|2|2|0|1.0|2.0|3|122|0|0.5|0.5|0.0|0.25|0.74|0|0.0|1.24|40.0|60.0|0|0.0|2020-07-17 12:47:00.000000|2020-07-17 13:36:51.546273
1312|PASAMAN BARAT|SUMATERA BARAT|Sumbar|451706.0|2|2|2|0|0.0|0.0|0|280|35|0.44|0.44|0.0|0.0|0.0|0|1.0|0.44|100.0|0.0|0|0.0|2020-07-16 16:11:00.000000|2020-07-17 13:36:51.546273
1373|KOTA SAWAH LUNTO|SUMATERA BARAT|Sumbar|63027.0|2|2|2|0|0.0|0.0|0|91|18|3.17|3.17|0.0|0.0|0.0|0|0.0|3.17|100.0|0.0|0|0.0|2020-07-16 15:55:00.000000|2020-07-17 13:36:51.546273
1117|BENER MERIAH|ACEH|Aceh|150902.0|2|2|2|0|0.0|0.0|0|88|4|1.33|1.33|0.0|0.0|0.0|0|0.0|1.33|100.0|0.0|0|0.0|2020-07-16 15:00:00.000000|2020-07-17 13:36:51.546273
1113|GAYO LUES|ACEH|Aceh|95728.0|2|2|2|0|0.0|0.0|0|60|0|2.09|2.09|0.0|0.0|0.0|0|0.0|2.09|100.0|0.0|0|0.0|2020-07-16 15:00:00.000000|2020-07-17 13:36:51.546273
1906|BELITUNG TIMUR|KEPULAUAN BANGKA BELITUNG|Babel|132071.0|2|2|2|0|0.0|0.0|0|14|5|1.51|1.51|0.0|0.0|0.0|0|0.0|1.51|100.0|0.0|0|0.0|2020-07-17 12:47:00.000000|2020-07-17 13:36:51.546273
7208|PARIGI MOUTONG|SULAWESI TENGAH|Sulteng|499087.0|2|2|2|0|0.0|0.0|0|3|0|0.4|0.4|0.0|0.0|0.0|0|0.0|0.4|100.0|0.0|0|0.0|2020-07-16 06:07:00.000000|2020-07-17 13:36:51.546273
1101|SIMEULUE|ACEH|Aceh|93991.0|2|2|2|0|0.0|0.0|0|1|0|2.13|2.13|0.0|0.0|0.0|0|0.0|2.13|100.0|0.0|0|0.0|2020-07-16 15:00:00.000000|2020-07-17 13:36:51.546273
9431|MAMBERAMO TENGAH|PAPUA|Papua|48810.0|2|2|2|0|0.0|0.0|0|0|0|4.1|4.1|0.0|0.0|0.0|0|0.0|4.1|100.0|0.0|0|0.0|2020-07-16 00:00:00.000000|2020-07-17 13:36:51.546273
6206|SUKAMARA|KALIMANTAN TENGAH|Kalteng|66733.0|2|2|2|0|0.0|0.0|0|0|0|3.0|3.0|0.0|0.0|0.0|0|0.0|3.0|100.0|0.0|0|0.0|2020-07-03 08:53:00.000000|2020-07-17 13:36:51.546273
7111|BOLAANG MONGONDOW TIMUR|SULAWESI UTARA|Sulut|73317.0|2|2|2|0|0.0|0.0|0|0|0|2.73|2.73|0.0|0.0|0.0|0|0.0|2.73|100.0|0.0|0|0.0|2020-07-16 21:12:00.000000|2020-07-17 13:36:51.546273
1202|MANDAILING NATAL|SUMATERA UTARA|Sumut|451024.0|2|2|2|0|0.0|0.0|0|0|0|0.44|0.44|0.0|0.0|0.0|0|0.0|0.44|100.0|0.0|0|0.0|2020-07-16 00:00:00.000000|2020-07-17 13:36:51.546273
1802|TANGGAMUS|LAMPUNG|Lampung|603707.0|4|2|1|1|1.0|1.0|3|409|0|0.33|0.17|0.17|0.17|0.5|0|0.0|0.66|25.0|75.0|0|0.0|2020-07-17 12:47:00.000000|2020-07-17 13:36:51.546273
1709|BENGKULU TENGAH|BENGKULU|Bengkulu|116434.0|2|2|1|1|0.0|0.0|1|91|3|1.72|0.86|0.86|0.0|0.86|0|3.0|1.72|50.0|50.0|0|0.0|2020-06-09 00:00:00.000000|2020-07-17 13:36:51.546273
1702|REJANG LEBONG|BENGKULU|Bengkulu|261803.0|2|2|1|0|0.0|0.0|0|42|9|0.76|0.38|0.0|0.0|0.0|1|9.0|0.76|50.0|0.0|1|50.0|2020-06-09 00:00:00.000000|2020-07-17 13:36:51.546273
1172|KOTA SABANG|ACEH|Aceh|35398.0|2|2|1|0|0.0|0.0|0|39|2|5.65|2.83|0.0|0.0|0.0|1|0.0|5.65|50.0|0.0|1|50.0|2020-07-16 15:00:00.000000|2020-07-17 13:36:51.546273
1173|KOTA LANGSA|ACEH|Aceh|179277.0|2|2|1|0|0.0|0.0|0|25|2|1.12|0.56|0.0|0.0|0.0|1|0.0|1.12|50.0|0.0|1|50.0|2020-07-16 15:00:00.000000|2020-07-17 13:36:51.546273
9432|YALIMO|PAPUA|Papua|63790.0|2|2|1|0|0.0|0.0|0|6|0|3.14|1.57|0.0|0.0|0.0|1|0.0|3.14|50.0|0.0|1|50.0|2020-07-16 00:00:00.000000|2020-07-17 13:36:51.546273
1217|SAMOSIR|SUMATERA UTARA|Sumut|126709.0|2|2|1|0|0.0|0.0|0|0|1|1.58|0.79|0.0|0.0|0.0|1|0.0|1.58|50.0|0.0|1|50.0|2020-07-16 00:00:00.000000|2020-07-17 13:36:51.546273
1223|LABUHAN BATU UTARA|SUMATERA UTARA|Sumut|366603.0|2|2|0|2|0.0|0.0|2|0|0|0.55|0.0|0.55|0.0|0.55|0|0.0|0.55|0.0|100.0|0|0.0|2020-07-16 00:00:00.000000|2020-07-17 13:36:51.546273
1501|KERINCI|JAMBI|Jambi|239607.0|2|2|0|0|0.0|0.0|0|301|11|0.83|0.0|0.0|0.0|0.0|2|0.0|0.83|0.0|0.0|2|100.0|2020-07-17 12:48:00.000000|2020-07-17 13:36:51.546273
1506|TANJUNG JABUNG TIMUR|JAMBI|Jambi|221619.0|2|2|0|0|0.0|0.0|0|13|5|0.9|0.0|0.0|0.0|0.0|2|0.0|0.9|0.0|0.0|2|100.0|2020-07-17 12:48:00.000000|2020-07-17 13:36:51.546273
7211|BANGGAI LAUT|SULAWESI TENGAH|Sulteng|76300.0|2|2|0|0|0.0|0.0|0|0|0|2.62|0.0|0.0|0.0|0.0|2|0.0|2.62|0.0|0.0|2|100.0|2020-07-16 06:07:00.000000|2020-07-17 13:36:51.546273
1808|TULANGBAWANG|LAMPUNG|Lampung|455889.0|2|1|1|0|1.0|0.0|1|17|0|0.22|0.22|0.0|0.22|0.22|0|0.0|0.44|50.0|50.0|0|0.0|2020-07-17 12:47:00.000000|2020-07-17 13:36:51.546273
1377|KOTA PARIAMAN|SUMATERA BARAT|Sumbar|89402.0|1|1|1|0|0.0|0.0|0|167|19|1.12|1.12|0.0|0.0|0.0|0|0.0|1.12|100.0|0.0|0|0.0|2020-07-16 16:08:00.000000|2020-07-17 13:36:51.546273
1706|MUKOMUKO|BENGKULU|Bengkulu|198126.0|1|1|1|0|0.0|0.0|0|141|9|0.5|0.5|0.0|0.0|0.0|0|9.0|0.5|100.0|0.0|0|0.0|2020-06-09 00:00:00.000000|2020-07-17 13:36:51.546273
1109|PIDIE|ACEH|Aceh|450762.0|1|1|1|0|0.0|0.0|0|36|39|0.22|0.22|0.0|0.0|0.0|0|1.0|0.22|100.0|0.0|0|0.0|2020-07-16 15:00:00.000000|2020-07-17 13:36:51.546273
9426|WAROPEN|PAPUA|Papua|32100.0|1|1|1|0|0.0|0.0|0|13|0|3.12|3.12|0.0|0.0|0.0|0|0.0|3.12|100.0|0.0|0|0.0|2020-07-16 00:00:00.000000|2020-07-17 13:36:51.546273
9411|PUNCAK JAYA|PAPUA|Papua|133711.0|1|1|1|0|0.0|0.0|0|12|0|0.75|0.75|0.0|0.0|0.0|0|0.0|0.75|100.0|0.0|0|0.0|2020-07-16 00:00:00.000000|2020-07-17 13:36:51.546273
9111|MANOKWARI SELATAN|PAPUA BARAT|PapuaBarat|24679.0|1|1|1|0|0.0|0.0|0|9|2|4.05|4.05|0.0|0.0|0.0|0|0.0|4.05|100.0|0.0|0|0.0|2020-07-12 21:00:00.000000|2020-07-17 13:36:51.546273
1112|ACEH BARAT DAYA|ACEH|Aceh|152483.0|1|1|1|0|0.0|0.0|0|9|0|0.66|0.66|0.0|0.0|0.0|0|0.0|0.66|100.0|0.0|0|0.0|2020-07-16 15:00:00.000000|2020-07-17 13:36:51.546273
1220|PADANG LAWAS UTARA|SUMATERA UTARA|Sumut|277421.0|1|1|1|0|0.0|0.0|0|0|1|0.36|0.36|0.0|0.0|0.0|0|0.0|0.36|100.0|0.0|0|0.0|2020-07-16 00:00:00.000000|2020-07-17 13:36:51.546273
7409|BUTON UTARA|SULAWESI TENGGARA|Sultra|64993.0|1|1|1|0|0.0|0.0|0|0|0|1.54|1.54|0.0|0.0|0.0|0|0.0|1.54|100.0|0.0|0|0.0|2020-07-15 17:00:00.000000|2020-07-17 13:36:51.546273
7201|BANGGAI KEPULAUAN|SULAWESI TENGAH|Sulteng|119206.0|1|1|1|0|0.0|0.0|0|0|0|0.84|0.84|0.0|0.0|0.0|0|0.0|0.84|100.0|0.0|0|0.0|2020-07-16 06:07:00.000000|2020-07-17 13:36:51.546273
1278|KOTA GUNUNGSITOLI|SUMATERA UTARA|Sumut|143776.0|1|1|1|0|0.0|0.0|0|0|0|0.7|0.7|0.0|0.0|0.0|0|0.0|0.7|100.0|0.0|0|0.0|2020-07-16 00:00:00.000000|2020-07-17 13:36:51.546273
2104|LINGGA|KEPULAUAN RIAU|Kepri|89980.0|2|1|0|1|1.0|0.0|2|16|3|1.11|0.0|1.11|1.11|2.22|0|1.0|2.22|0.0|100.0|0|0.0|2020-07-16 15:38:00.000000|2020-07-17 13:36:51.546273
1116|ACEH JAYA|ACEH|Aceh|94493.0|1|1|0|1|0.0|0.0|1|8|2|1.06|0.0|1.06|0.0|1.06|0|0.0|1.06|0.0|100.0|0|0.0|2020-07-16 15:00:00.000000|2020-07-17 13:36:51.546273
1804|LAMPUNG TIMUR|LAMPUNG|Lampung|1051996.0|8|1|0|0|6.0|1.0|7|407|0|0.1|0.0|0.0|0.57|0.67|1|0.0|0.76|0.0|87.5|1|12.5|2020-07-17 12:47:00.000000|2020-07-17 13:36:51.546273
9417|PEGUNUNGAN BINTANG|PAPUA|Papua|76585.0|1|1|0|0|0.0|0.0|0|158|8|1.31|0.0|0.0|0.0|0.0|1|0.0|1.31|0.0|0.0|1|100.0|2020-07-16 00:00:00.000000|2020-07-17 13:36:51.546273
9102|KAIMANA|PAPUA BARAT|PapuaBarat|61819.0|1|1|0|0|0.0|0.0|0|17|1|1.62|0.0|0.0|0.0|0.0|1|0.0|1.62|0.0|0.0|1|100.0|2020-07-12 21:00:00.000000|2020-07-17 13:36:51.546273
5303|KUPANG|NUSA TENGGARA TIMUR|NTT|421621.0|1|1|0|0|0.0|0.0|0|7|1|0.24|0.0|0.0|0.0|0.0|1|0.0|0.24|0.0|0.0|1|100.0|2020-07-17 12:49:00.000000|2020-07-17 13:36:51.546273
5305|TIMOR TENGAH UTARA|NUSA TENGGARA TIMUR|NTT|256297.0|1|1|0|0|0.0|0.0|0|4|0|0.39|0.0|0.0|0.0|0.0|1|0.0|0.39|0.0|0.0|1|100.0|2020-07-17 12:49:00.000000|2020-07-17 13:36:51.546273
5371|KOTA KUPANG|NUSA TENGGARA TIMUR|NTT|446193.0|1|1|0|0|0.0|0.0|0|2|8|0.22|0.0|0.0|0.0|0.0|1|0.0|0.22|0.0|0.0|1|100.0|2020-07-17 12:49:00.000000|2020-07-17 13:36:51.546273
5318|NAGEKEO|NUSA TENGGARA TIMUR|NTT|147188.0|1|1|0|0|0.0|0.0|0|1|0|0.68|0.0|0.0|0.0|0.0|1|0.0|0.68|0.0|0.0|1|100.0|2020-07-17 12:49:00.000000|2020-07-17 13:36:51.546273
1214|NIAS SELATAN|SUMATERA UTARA|Sumut|322518.0|1|1|0|0|0.0|0.0|0|0|0|0.31|0.0|0.0|0.0|0.0|1|0.0|0.31|0.0|0.0|1|100.0|2020-07-16 00:00:00.000000|2020-07-17 13:36:51.546273
5317|SUMBA BARAT DAYA|NUSA TENGGARA TIMUR|NTT|350923.0|1|1|0|0|0.0|0.0|0|0|0|0.28|0.0|0.0|0.0|0.0|1|0.0|0.28|0.0|0.0|1|100.0|2020-07-17 12:49:00.000000|2020-07-17 13:36:51.546273
1409|ROKAN HILIR|RIAU|Riau|731782.0|8|0|0|0|8.0|0.0|8|11561|71|0.0|0.0|0.0|1.09|1.09|0|0.0|1.09|0.0|100.0|0|0.0|2020-07-17 07:43:00.000000|2020-07-17 13:36:51.546273
7505|GORONTALO UTARA|GORONTALO|Gorontalo|116139.0|2|0|0|0|2.0|0.0|2|208|40|0.0|0.0|0.0|1.72|1.72|0|2.0|1.72|0.0|100.0|0|0.0|2020-07-16 19:00:00.000000|2020-07-17 13:36:51.546273
2105|KEPULAUAN ANAMBAS|KEPULAUAN RIAU|Kepri|42745.0|1|0|0|0|1.0|0.0|1|14|7|0.0|0.0|0.0|2.34|2.34|0|0.0|2.34|0.0|100.0|0|0.0|2020-07-16 15:37:00.000000|2020-07-17 13:36:51.546273
9433|PUNCAK|PAPUA|Papua|115324.0|0|0|0|0|0.0|0.0|0|261|0|0.0|0.0|0.0|0.0|0.0|0|0.0|0.0|0.0|0.0|0|0.0|2020-07-16 00:00:00.000000|2020-07-17 13:36:51.546273
2103|NATUNA|KEPULAUAN RIAU|Kepri|78583.0|0|0|0|0|0.0|0.0|0|211|4|0.0|0.0|0.0|0.0|0.0|0|0.0|0.0|0.0|0.0|0|0.0|2020-07-16 15:38:00.000000|2020-07-17 13:36:51.546273
9106|SORONG SELATAN|PAPUA BARAT|PapuaBarat|47878.0|0|0|0|0|0.0|0.0|0|113|3|0.0|0.0|0.0|0.0|0.0|0|0.0|0.0|0.0|0.0|0|0.0|2020-07-12 21:00:00.000000|2020-07-17 13:36:51.546273
1104|ACEH TENGGARA|ACEH|Aceh|220401.0|0|0|0|0|0.0|0.0|0|103|0|0.0|0.0|0.0|0.0|0.0|0|0.0|0.0|0.0|0.0|0|0.0|2020-07-16 15:00:00.000000|2020-07-17 13:36:51.546273
1106|ACEH TENGAH|ACEH|Aceh|216367.0|0|0|0|0|0.0|0.0|0|102|0|0.0|0.0|0.0|0.0|0.0|0|0.0|0.0|0.0|0.0|0|0.0|2020-07-16 15:00:00.000000|2020-07-17 13:36:51.546273
6411|MAHAKAM ULU|KALIMANTAN TIMUR|Kaltim|26485.0|0|0|0|0|0.0|0.0|0|98|0|0.0|0.0|0.0|0.0|0.0|0|1.0|0.0|0.0|0.0|0|0.0|2020-07-16 19:00:00.000000|2020-07-17 13:36:51.546273
1811|MESUJI|LAMPUNG|Lampung|200998.0|0|0|0|0|0.0|0.0|0|94|0|0.0|0.0|0.0|0.0|0.0|0|0.0|0.0|0.0|0.0|0|0.0|2020-07-17 12:47:00.000000|2020-07-17 13:36:51.546273
1105|ACEH TIMUR|ACEH|Aceh|444830.0|0|0|0|0|0.0|0.0|0|77|5|0.0|0.0|0.0|0.0|0.0|0|0.0|0.0|0.0|0.0|0|0.0|2020-07-16 15:00:00.000000|2020-07-17 13:36:51.546273
9416|YAHUKIMO|PAPUA|Papua|192634.0|0|0|0|0|0.0|0.0|0|56|16|0.0|0.0|0.0|0.0|0.0|0|0.0|0.0|0.0|0.0|0|0.0|2020-07-16 00:00:00.000000|2020-07-17 13:36:51.546273
1107|ACEH BARAT|ACEH|Aceh|213997.0|0|0|0|0|0.0|0.0|0|53|4|0.0|0.0|0.0|0.0|0.0|0|0.0|0.0|0.0|0.0|0|0.0|2020-07-16 15:00:00.000000|2020-07-17 13:36:51.546273
1115|NAGAN RAYA|ACEH|Aceh|170098.0|0|0|0|0|0.0|0.0|0|41|5|0.0|0.0|0.0|0.0|0.0|0|0.0|0.0|0.0|0.0|0|0.0|2020-07-16 15:00:00.000000|2020-07-17 13:36:51.546273
1118|PIDIE JAYA|ACEH|Aceh|164309.0|0|0|0|0|0.0|0.0|0|36|3|0.0|0.0|0.0|0.0|0.0|0|0.0|0.0|0.0|0.0|0|0.0|2020-07-16 15:00:00.000000|2020-07-17 13:36:51.546273
1707|LEBONG|BENGKULU|Bengkulu|118398.0|0|0|0|0|0.0|0.0|0|24|1|0.0|0.0|0.0|0.0|0.0|0|1.0|0.0|0.0|0.0|0|0.0|2020-06-09 00:00:00.000000|2020-07-17 13:36:51.546273
1175|KOTA SUBULUSSALAM|ACEH|Aceh|82389.0|0|0|0|0|0.0|0.0|0|16|7|0.0|0.0|0.0|0.0|0.0|0|0.0|0.0|0.0|0.0|0|0.0|2020-07-16 15:00:00.000000|2020-07-17 13:36:51.546273
9428|MAMBERAMO RAYA|PAPUA|Papua|24773.0|0|0|0|0|0.0|0.0|0|12|0|0.0|0.0|0.0|0.0|0.0|0|0.0|0.0|0.0|0.0|0|0.0|2020-07-16 00:00:00.000000|2020-07-17 13:36:51.546273
1102|ACEH SINGKIL|ACEH|Aceh|126513.0|0|0|0|0|0.0|0.0|0|7|3|0.0|0.0|0.0|0.0|0.0|0|0.0|0.0|0.0|0.0|0|0.0|2020-07-16 15:00:00.000000|2020-07-17 13:36:51.546273
9112|PEGUNUNGAN ARFAK|PAPUA BARAT|PapuaBarat|31793.0|0|0|0|0|0.0|0.0|0|6|0|0.0|0.0|0.0|0.0|0.0|0|0.0|0.0|0.0|0.0|0|0.0|2020-07-12 21:00:00.000000|2020-07-17 13:36:51.546273
5308|LEMBATA|NUSA TENGGARA TIMUR|NTT|145686.0|0|0|0|0|0.0|0.0|0|5|2|0.0|0.0|0.0|0.0|0.0|0|0.0|0.0|0.0|0.0|0|0.0|2020-07-17 12:49:00.000000|2020-07-17 13:36:51.546273
9410|PANIAI|PAPUA|Papua|180502.0|0|0|0|0|0.0|0.0|0|5|1|0.0|0.0|0.0|0.0|0.0|0|0.0|0.0|0.0|0.0|0|0.0|2020-07-16 00:00:00.000000|2020-07-17 13:36:51.546273
9435|INTAN JAYA|PAPUA|Papua|50600.0|0|0|0|0|0.0|0.0|0|5|0|0.0|0.0|0.0|0.0|0.0|0|0.0|0.0|0.0|0.0|0|0.0|2020-07-16 00:00:00.000000|2020-07-17 13:36:51.546273
5313|MANGGARAI|NUSA TENGGARA TIMUR|NTT|342906.0|0|0|0|0|0.0|0.0|0|4|0|0.0|0.0|0.0|0.0|0.0|0|0.0|0.0|0.0|0.0|0|0.0|2020-07-17 12:49:00.000000|2020-07-17 13:36:51.546273
5304|TIMOR TENGAH SELATAN|NUSA TENGGARA TIMUR|NTT|469676.0|0|0|0|0|0.0|0.0|0|3|1|0.0|0.0|0.0|0.0|0.0|0|0.0|0.0|0.0|0.0|0|0.0|2020-07-17 12:49:00.000000|2020-07-17 13:36:51.546273
5314|ROTE NDAO|NUSA TENGGARA TIMUR|NTT|178807.0|0|0|0|0|0.0|0.0|0|3|0|0.0|0.0|0.0|0.0|0.0|0|0.0|0.0|0.0|0.0|0|0.0|2020-07-17 12:49:00.000000|2020-07-17 13:36:51.546273
7209|TOJO UNA-UNA|SULAWESI TENGAH|Sulteng|155614.0|0|0|0|0|0.0|0.0|0|2|1|0.0|0.0|0.0|0.0|0.0|0|0.0|0.0|0.0|0.0|0|0.0|2020-07-16 06:07:00.000000|2020-07-17 13:36:51.546273
5307|ALOR|NUSA TENGGARA TIMUR|NTT|206806.0|0|0|0|0|0.0|0.0|0|2|1|0.0|0.0|0.0|0.0|0.0|0|0.0|0.0|0.0|0.0|0|0.0|2020-07-17 12:49:00.000000|2020-07-17 13:36:51.546273
5312|NGADA|NUSA TENGGARA TIMUR|NTT|165312.0|0|0|0|0|0.0|0.0|0|2|0|0.0|0.0|0.0|0.0|0.0|0|0.0|0.0|0.0|0.0|0|0.0|2020-07-17 12:49:00.000000|2020-07-17 13:36:51.546273
8208|PULAU TALIABU|MALUKU UTARA|MalukuUtara|53411.0|0|0|0|0|0.0|0.0|0|1|0|0.0|0.0|0.0|0.0|0.0|0|0.0|0.0|0.0|0.0|0|0.0|2020-07-13 19:45:00.000000|2020-07-17 13:36:51.546273
9109|TAMBRAUW|PAPUA BARAT|PapuaBarat|14021.0|0|0|0|0|0.0|0.0|0|0|1|0.0|0.0|0.0|0.0|0.0|0|0.0|0.0|0.0|0.0|0|0.0|2020-07-12 21:00:00.000000|2020-07-17 13:36:51.546273
1224|NIAS UTARA|SUMATERA UTARA|Sumut|138801.0|0|0|0|0|0.0|0.0|0|0|0|0.0|0.0|0.0|0.0|0.0|0|0.0|0.0|0.0|0.0|0|0.0|2020-07-16 00:00:00.000000|2020-07-17 13:36:51.546273
1225|NIAS BARAT|SUMATERA UTARA|Sumut|86979.0|0|0|0|0|0.0|0.0|0|0|0|0.0|0.0|0.0|0.0|0.0|0|0.0|0.0|0.0|0.0|0|0.0|2020-07-16 00:00:00.000000|2020-07-17 13:36:51.546273
1201|NIAS|SUMATERA UTARA|Sumut|139429.0|0|0|0|0|0.0|0.0|0|0|0|0.0|0.0|0.0|0.0|0.0|0|0.0|0.0|0.0|0.0|0|0.0|2020-07-16 00:00:00.000000|2020-07-17 13:36:51.546273
1216|PAKPAK BHARAT|SUMATERA UTARA|Sumut|49689.0|0|0|0|0|0.0|0.0|0|0|0|0.0|0.0|0.0|0.0|0.0|0|0.0|0.0|0.0|0.0|0|0.0|2020-07-16 00:00:00.000000|2020-07-17 13:36:51.546273
9429|NDUGA|PAPUA|Papua|99816.0|0|0|0|0|0.0|0.0|0|0|0|0.0|0.0|0.0|0.0|0.0|0|0.0|0.0|0.0|0.0|0|0.0|2020-07-16 00:00:00.000000|2020-07-17 13:36:51.546273
9436|DEIYAI|PAPUA|Papua|74530.0|0|0|0|0|0.0|0.0|0|0|0|0.0|0.0|0.0|0.0|0.0|0|0.0|0.0|0.0|0.0|0|0.0|2020-07-16 00:00:00.000000|2020-07-17 13:36:51.546273
9414|MAPPI|PAPUA|Papua|108913.0|0|0|0|0|0.0|0.0|0|0|0|0.0|0.0|0.0|0.0|0.0|0|0.0|0.0|0.0|0.0|0|0.0|2020-07-16 00:00:00.000000|2020-07-17 13:36:51.546273
9415|ASMAT|PAPUA|Papua|98885.0|0|0|0|0|0.0|0.0|0|0|0|0.0|0.0|0.0|0.0|0.0|0|0.0|0.0|0.0|0.0|0|0.0|2020-07-16 00:00:00.000000|2020-07-17 13:36:51.546273
9434|DOGIYAI|PAPUA|Papua|99279.0|0|0|0|0|0.0|0.0|0|0|0|0.0|0.0|0.0|0.0|0.0|0|0.0|0.0|0.0|0.0|0|0.0|2020-07-16 00:00:00.000000|2020-07-17 13:36:51.546273
5306|BELU|NUSA TENGGARA TIMUR|NTT|223177.0|0|0|0|0|0.0|0.0|0|0|0|0.0|0.0|0.0|0.0|0.0|0|0.0|0.0|0.0|0.0|0|0.0|2020-07-17 12:49:00.000000|2020-07-17 13:36:51.546273
5309|FLORES TIMUR|NUSA TENGGARA TIMUR|NTT|257785.0|0|0|0|0|0.0|0.0|0|0|0|0.0|0.0|0.0|0.0|0.0|0|0.0|0.0|0.0|0.0|0|0.0|2020-07-17 12:49:00.000000|2020-07-17 13:36:51.546273
5311|ENDE|NUSA TENGGARA TIMUR|NTT|274598.0|0|0|0|0|0.0|0.0|0|0|0|0.0|0.0|0.0|0.0|0.0|0|0.0|0.0|0.0|0.0|0|0.0|2020-07-17 12:49:00.000000|2020-07-17 13:36:51.546273
5316|SUMBA TENGAH|NUSA TENGGARA TIMUR|NTT|73820.0|0|0|0|0|0.0|0.0|0|0|0|0.0|0.0|0.0|0.0|0.0|0|0.0|0.0|0.0|0.0|0|0.0|2020-07-17 12:49:00.000000|2020-07-17 13:36:51.546273
5319|MANGGARAI TIMUR|NUSA TENGGARA TIMUR|NTT|289838.0|0|0|0|0|0.0|0.0|0|0|0|0.0|0.0|0.0|0.0|0.0|0|0.0|0.0|0.0|0.0|0|0.0|2020-07-17 12:49:00.000000|2020-07-17 13:36:51.546273
5320|SABU RAIJUA|NUSA TENGGARA TIMUR|NTT|100684.0|0|0|0|0|0.0|0.0|0|0|0|0.0|0.0|0.0|0.0|0.0|0|0.0|0.0|0.0|0.0|0|0.0|2020-07-17 12:49:00.000000|2020-07-17 13:36:51.546273
5321|MALAKA|NUSA TENGGARA TIMUR|NTT|194776.0|0|0|0|0|0.0|0.0|0|0|0|0.0|0.0|0.0|0.0|0.0|0|0.0|0.0|0.0|0.0|0|0.0|2020-07-17 12:49:00.000000|2020-07-17 13:36:51.546273
7412|KONAWE KEPULAUAN|SULAWESI TENGGARA|Sultra|34666.0|0|0|0|0|0.0|0.0|0|0|0|0.0|0.0|0.0|0.0|0.0|0|0.0|0.0|0.0|0.0|0|0.0|2020-07-15 17:00:00.000000|2020-07-17 13:36:51.546273
8109|BURU SELATAN|MALUKU|Maluku|64177.0|0|0|0|0|0.0|0.0|0|0|0|0.0|0.0|0.0|0.0|0.0|0|0.0|0.0|0.0|0.0|0|0.0|2020-07-16 00:00:00.000000|2020-07-17 13:36:51.546273
8101|KEPULAUAN TANIMBAR|MALUKU|Maluku|113492.0|0|0|0|0|0.0|0.0|0|0|0|0.0|0.0|0.0|0.0|0.0|0|0.0|0.0|0.0|0.0|0|0.0|2020-07-16 00:00:00.000000|2020-07-17 13:36:51.546273
8105|KEPULAUAN ARU|MALUKU|Maluku|97187.0|0|0|0|0|0.0|0.0|0|0|0|0.0|0.0|0.0|0.0|0.0|0|0.0|0.0|0.0|0.0|0|0.0|2020-07-16 00:00:00.000000|2020-07-17 13:36:51.546273
9110|MAYBRAT|PAPUA BARAT|PapuaBarat|41798.0|0|0|0|0|0.0|0.0|0|0|0|0.0|0.0|0.0|0.0|0.0|0|0.0|0.0|0.0|0.0|0|0.0|2020-07-12 21:00:00.000000|2020-07-17 13:36:51.546273
