<?xml version="1.0" encoding="UTF-8"?>
<metadata xml:lang="en"><Esri><CreaDate>20200811</CreaDate><CreaTime>17240900</CreaTime><ArcGISFormat>1.0</ArcGISFormat><SyncOnce>TRUE</SyncOnce><DataProperties><lineage><Process Name="Features To JSON" ToolSource="c:\program files\arcgis\pro\Resources\ArcToolbox\toolboxes\Conversion Tools.tbx\FeaturesToJSON" Date="20200811" Time="172409">FeaturesToJSON 5304 C:\Users\Irland\Documents\ArcGIS\Projects\MyProject15\FeaturesToJSON_OutJsonFile__5304.geojson NOT_FORMATTED NO_Z_VALUES NO_M_VALUES GEOJSON KEEP_INPUT_SR USE_FIELD_NAME</Process></lineage></DataProperties></Esri></metadata>
